1,https://www.metacritic.com/game/pc/disco-elysium-the-final-cut/user-reviews
2,https://www.metacritic.com/game/pc/half-life-2/user-reviews
3,https://www.metacritic.com/game/pc/grand-theft-auto-v/user-reviews
4,https://www.metacritic.com/game/pc/out-of-the-park-baseball-2007/user-reviews
5,https://www.metacritic.com/game/pc/the-orange-box/user-reviews
6,https://www.metacritic.com/game/pc/half-life/user-reviews
7,https://www.metacritic.com/game/pc/bioshock/user-reviews
8,https://www.metacritic.com/game/pc/baldurs-gate-ii-shadows-of-amn/user-reviews
9,https://www.metacritic.com/game/pc/divinity-original-sin-ii---definitive-edition/user-reviews
10,https://www.metacritic.com/game/pc/persona-5-royal/user-reviews
11,https://www.metacritic.com/game/pc/portal-2/user-reviews
12,https://www.metacritic.com/game/pc/the-elder-scrolls-v-skyrim/user-reviews
13,https://www.metacritic.com/game/pc/command-conquer/user-reviews
14,https://www.metacritic.com/game/pc/mass-effect-2/user-reviews
15,https://www.metacritic.com/game/pc/grand-theft-auto-vice-city/user-reviews
16,https://www.metacritic.com/game/pc/sid-meiers-civilization-ii/user-reviews
17,https://www.metacritic.com/game/pc/quake/user-reviews
18,https://www.metacritic.com/game/pc/bioshock-infinite/user-reviews
19,https://www.metacritic.com/game/pc/the-elder-scrolls-iv-oblivion/user-reviews
20,https://www.metacritic.com/game/pc/elden-ring/user-reviews
21,https://www.metacritic.com/game/pc/grim-fandango/user-reviews
22,https://www.metacritic.com/game/pc/divinity-original-sin-enhanced-edition/user-reviews
23,https://www.metacritic.com/game/pc/diablo/user-reviews
24,https://www.metacritic.com/game/pc/sid-meiers-civilization-iv/user-reviews
25,https://www.metacritic.com/game/pc/the-witcher-3-wild-hunt/user-reviews
26,https://www.metacritic.com/game/pc/company-of-heroes/user-reviews
27,https://www.metacritic.com/game/pc/tetris-effect-connected/user-reviews
28,https://www.metacritic.com/game/pc/dwarf-fortress/user-reviews
29,https://www.metacritic.com/game/pc/half-life-alyx/user-reviews
30,https://www.metacritic.com/game/pc/divinity-original-sin-ii/user-reviews
31,https://www.metacritic.com/game/pc/unreal-tournament-2004/user-reviews
32,https://www.metacritic.com/game/pc/starcraft-ii-wings-of-liberty/user-reviews
33,https://www.metacritic.com/game/pc/minecraft/user-reviews
34,https://www.metacritic.com/game/pc/red-dead-redemption-2/user-reviews
35,https://www.metacritic.com/game/pc/homeworld/user-reviews
36,https://www.metacritic.com/game/pc/grand-theft-auto-iii/user-reviews
37,https://www.metacritic.com/game/pc/god-of-war/user-reviews
38,https://www.metacritic.com/game/pc/beat-saber/user-reviews
39,https://www.metacritic.com/game/pc/hades/user-reviews
40,https://www.metacritic.com/game/pc/star-wars-knights-of-the-old-republic/user-reviews
41,https://www.metacritic.com/game/pc/world-of-warcraft/user-reviews
42,https://www.metacritic.com/game/pc/grand-theft-auto-san-andreas/user-reviews
43,https://www.metacritic.com/game/pc/call-of-duty-4-modern-warfare/user-reviews
44,https://www.metacritic.com/game/pc/warcraft-iii-reign-of-chaos/user-reviews
45,https://www.metacritic.com/game/pc/sid-meiers-gettysburg!/user-reviews
46,https://www.metacritic.com/game/pc/the-sims/user-reviews
47,https://www.metacritic.com/game/pc/the-sims-deluxe/user-reviews
48,https://www.metacritic.com/game/pc/world-soccer-winning-eleven-7-international/user-reviews
49,https://www.metacritic.com/game/pc/team-fortress-2/user-reviews
50,https://www.metacritic.com/game/pc/system-shock-2/user-reviews
51,https://www.metacritic.com/game/pc/tom-clancys-splinter-cell-chaos-theory/user-reviews
52,https://www.metacritic.com/game/pc/rome-total-war/user-reviews
53,https://www.metacritic.com/game/pc/okami-hd/user-reviews
54,https://www.metacritic.com/game/pc/undertale/user-reviews
55,https://www.metacritic.com/game/pc/thief-the-dark-project/user-reviews
56,https://www.metacritic.com/game/pc/age-of-empires-ii-the-age-of-kings/user-reviews
57,https://www.metacritic.com/game/pc/sid-meiers-alpha-centauri/user-reviews
58,https://www.metacritic.com/game/pc/unreal-tournament-1999/user-reviews
59,https://www.metacritic.com/game/pc/galactic-civilizations-ii-twilight-of-the-arnor/user-reviews
60,https://www.metacritic.com/game/pc/final-fantasy-xiv-endwalker/user-reviews
61,https://www.metacritic.com/game/pc/out-of-the-park-baseball-17/user-reviews
62,https://www.metacritic.com/game/pc/the-witcher-3-wild-hunt---blood-and-wine/user-reviews
63,https://www.metacritic.com/game/pc/tiger-woods-pga-tour-2003/user-reviews
64,https://www.metacritic.com/game/pc/myth-the-fallen-lords/user-reviews
65,https://www.metacritic.com/game/pc/medal-of-honor-allied-assault/user-reviews
66,https://www.metacritic.com/game/pc/dishonored/user-reviews
67,https://www.metacritic.com/game/pc/microsoft-flight-simulator/user-reviews
68,https://www.metacritic.com/game/pc/chained-echoes/user-reviews
69,https://www.metacritic.com/game/pc/world-of-warcraft-wrath-of-the-lich-king/user-reviews
70,https://www.metacritic.com/game/pc/baldurs-gate/user-reviews
71,https://www.metacritic.com/game/pc/f1-challenge-99-02/user-reviews
72,https://www.metacritic.com/game/pc/overwatch/user-reviews
73,https://www.metacritic.com/game/pc/halo-the-master-chief-collection---halo-3-odst/user-reviews
74,https://www.metacritic.com/game/pc/deus-ex-human-revolution---directors-cut/user-reviews
75,https://www.metacritic.com/game/pc/mission-its-complicated/user-reviews
76,https://www.metacritic.com/game/pc/il-2-sturmovik/user-reviews
77,https://www.metacritic.com/game/pc/freespace-2/user-reviews
78,https://www.metacritic.com/game/pc/mortal-kombat-11-ultimate/user-reviews
79,https://www.metacritic.com/game/pc/metal-gear-solid-v-the-phantom-pain/user-reviews
80,https://www.metacritic.com/game/pc/tom-clancys-splinter-cell/user-reviews
81,https://www.metacritic.com/game/pc/forza-horizon-5/user-reviews
82,https://www.metacritic.com/game/pc/kentucky-route-zero---act-iii/user-reviews
83,https://www.metacritic.com/game/pc/out-of-the-park-baseball-16/user-reviews
84,https://www.metacritic.com/game/pc/crysis/user-reviews
85,https://www.metacritic.com/game/pc/world-of-warcraft-the-burning-crusade/user-reviews
86,https://www.metacritic.com/game/pc/tony-hawks-pro-skater-2/user-reviews
87,https://www.metacritic.com/game/pc/the-longest-journey/user-reviews
88,https://www.metacritic.com/game/pc/star-wars-jedi-knight-dark-forces-ii/user-reviews
89,https://www.metacritic.com/game/pc/tiger-woods-pga-tour-2005/user-reviews
90,https://www.metacritic.com/game/pc/batman-arkham-asylum/user-reviews
91,https://www.metacritic.com/game/pc/galactic-civilizations-ii-dark-avatar/user-reviews
92,https://www.metacritic.com/game/pc/the-operative-no-one-lives-forever/user-reviews
93,https://www.metacritic.com/game/pc/tumblestone/user-reviews
94,https://www.metacritic.com/game/pc/crusader-kings-iii/user-reviews
95,https://www.metacritic.com/game/pc/battlefield-2/user-reviews
96,https://www.metacritic.com/game/pc/street-fighter-iv/user-reviews
97,https://www.metacritic.com/game/pc/fallout-3/user-reviews
98,https://www.metacritic.com/game/pc/batman-arkham-city/user-reviews
99,https://www.metacritic.com/game/pc/fez/user-reviews
100,https://www.metacritic.com/game/pc/planescape-torment/user-reviews
101,https://www.metacritic.com/game/pc/neverwinter-nights/user-reviews
102,https://www.metacritic.com/game/pc/no-one-lives-forever-2-a-spy-in-harms-way/user-reviews
103,https://www.metacritic.com/game/pc/dragon-age-origins/user-reviews
104,https://www.metacritic.com/game/pc/mark-of-the-ninja/user-reviews
105,https://www.metacritic.com/game/pc/disco-elysium/user-reviews
106,https://www.metacritic.com/game/pc/i-was-a-teenage-exocolonist/user-reviews
107,https://www.metacritic.com/game/pc/dark-souls-ii/user-reviews
108,https://www.metacritic.com/game/pc/spelunky-2/user-reviews
109,https://www.metacritic.com/game/pc/call-of-duty/user-reviews
110,https://www.metacritic.com/game/pc/madden-nfl-2004/user-reviews
111,https://www.metacritic.com/game/pc/the-sims-2/user-reviews
112,https://www.metacritic.com/game/pc/final-fantasy-xiv-shadowbringers/user-reviews
113,https://www.metacritic.com/game/pc/world-of-warcraft-cataclysm/user-reviews
114,https://www.metacritic.com/game/pc/world-of-goo/user-reviews
115,https://www.metacritic.com/game/pc/return-to-castle-wolfenstein-enemy-territory/user-reviews
116,https://www.metacritic.com/game/pc/factorio/user-reviews
117,https://www.metacritic.com/game/pc/black-white/user-reviews
118,https://www.metacritic.com/game/pc/n++/user-reviews
119,https://www.metacritic.com/game/pc/spelunky/user-reviews
120,https://www.metacritic.com/game/pc/fear-combat/user-reviews
121,https://www.metacritic.com/game/pc/portal/user-reviews
122,https://www.metacritic.com/game/pc/tetris-effect/user-reviews
123,https://www.metacritic.com/game/pc/nhl-2001/user-reviews
124,https://www.metacritic.com/game/pc/deus-ex/user-reviews
125,https://www.metacritic.com/game/pc/stephens-sausage-roll/user-reviews
126,https://www.metacritic.com/game/pc/tadpole-treble/user-reviews
127,https://www.metacritic.com/game/pc/tony-hawks-pro-skater-3/user-reviews
128,https://www.metacritic.com/game/pc/metro-2033-redux/user-reviews
129,https://www.metacritic.com/game/pc/half-life-2-episode-two/user-reviews
130,https://www.metacritic.com/game/pc/braid/user-reviews
131,https://www.metacritic.com/game/pc/the-chronicles-of-riddick-escape-from-butcher-bay---developers-cut/user-reviews
132,https://www.metacritic.com/game/pc/sid-meiers-civilization-iii/user-reviews
133,https://www.metacritic.com/game/pc/opus-magnum/user-reviews
134,https://www.metacritic.com/game/pc/nba-2k13/user-reviews
135,https://www.metacritic.com/game/pc/silent-hunter-iii/user-reviews
136,https://www.metacritic.com/game/pc/bayonetta/user-reviews
137,https://www.metacritic.com/game/pc/sid-meiers-civilization-v/user-reviews
138,https://www.metacritic.com/game/pc/falcon-40-allied-force/user-reviews
139,https://www.metacritic.com/game/pc/the-stanley-parable-ultra-deluxe/user-reviews
140,https://www.metacritic.com/game/pc/deus-ex-human-revolution/user-reviews
141,https://www.metacritic.com/game/pc/nba-2k17/user-reviews
142,https://www.metacritic.com/game/pc/flight-simulator-2002/user-reviews
143,https://www.metacritic.com/game/pc/brothers-a-tale-of-two-sons/user-reviews
144,https://www.metacritic.com/game/pc/dota-2/user-reviews
145,https://www.metacritic.com/game/pc/opus-echo-of-starsong/user-reviews
146,https://www.metacritic.com/game/pc/guild-wars-2/user-reviews
147,https://www.metacritic.com/game/pc/freedom-force/user-reviews
148,https://www.metacritic.com/game/pc/linelight/user-reviews
149,https://www.metacritic.com/game/pc/into-the-breach/user-reviews
150,https://www.metacritic.com/game/pc/chicory-a-colorful-tale/user-reviews
151,https://www.metacritic.com/game/pc/gtr-2/user-reviews
152,https://www.metacritic.com/game/pc/grand-theft-auto-iv/user-reviews
153,https://www.metacritic.com/game/pc/total-war-shogun-2/user-reviews
154,https://www.metacritic.com/game/pc/empire-total-war/user-reviews
155,https://www.metacritic.com/game/pc/command-conquer-red-alert/user-reviews
156,https://www.metacritic.com/game/pc/kentucky-route-zero---act-iv/user-reviews
157,https://www.metacritic.com/game/pc/the-legend-of-heroes-trails-from-zero/user-reviews
158,https://www.metacritic.com/game/pc/the-witcher-3-wild-hunt---hearts-of-stone/user-reviews
159,https://www.metacritic.com/game/pc/star-wars-jedi-knight-ii-jedi-outcast/user-reviews
160,https://www.metacritic.com/game/pc/resident-evil-2/user-reviews
161,https://www.metacritic.com/game/pc/devil-may-cry-5/user-reviews
162,https://www.metacritic.com/game/pc/neon-white/user-reviews
163,https://www.metacritic.com/game/pc/sacrifice-2000/user-reviews
164,https://www.metacritic.com/game/pc/the-walking-dead-a-telltale-games-series/user-reviews
165,https://www.metacritic.com/game/pc/age-of-mythology/user-reviews
166,https://www.metacritic.com/game/pc/dark-souls-iii/user-reviews
167,https://www.metacritic.com/game/pc/pillars-of-eternity/user-reviews
168,https://www.metacritic.com/game/pc/the-elder-scrolls-iii-morrowind/user-reviews
169,https://www.metacritic.com/game/pc/rocksmith-2014-edition/user-reviews
170,https://www.metacritic.com/game/pc/fallout/user-reviews
171,https://www.metacritic.com/game/pc/street-fighter-v-arcade-edition/user-reviews
172,https://www.metacritic.com/game/pc/world-soccer-winning-eleven-9/user-reviews
173,https://www.metacritic.com/game/pc/worldwide-soccer-manager-2005/user-reviews
174,https://www.metacritic.com/game/pc/dead-cells/user-reviews
175,https://www.metacritic.com/game/pc/there-is-no-game-wrong-dimension/user-reviews
176,https://www.metacritic.com/game/pc/slay-the-spire/user-reviews
177,https://www.metacritic.com/game/pc/left-4-dead/user-reviews
178,https://www.metacritic.com/game/pc/left-4-dead-2/user-reviews
179,https://www.metacritic.com/game/pc/f1-2017/user-reviews
180,https://www.metacritic.com/game/pc/nascar-racing-2002-season/user-reviews
181,https://www.metacritic.com/game/pc/mass-effect/user-reviews
182,https://www.metacritic.com/game/pc/inertial-drift/user-reviews
183,https://www.metacritic.com/game/pc/shovel-knight-plague-of-shadows/user-reviews
184,https://www.metacritic.com/game/pc/psychonauts-2/user-reviews
185,https://www.metacritic.com/game/pc/homeworld-cataclysm/user-reviews
186,https://www.metacritic.com/game/pc/combat-mission-barbarossa-to-berlin/user-reviews
187,https://www.metacritic.com/game/pc/guild-wars/user-reviews
188,https://www.metacritic.com/game/pc/the-walking-dead-episode-5---no-time-left/user-reviews
189,https://www.metacritic.com/game/pc/borderlands-2/user-reviews
190,https://www.metacritic.com/game/pc/max-payne/user-reviews
191,https://www.metacritic.com/game/pc/out-of-the-park-baseball-15/user-reviews
192,https://www.metacritic.com/game/pc/portal-with-rtx/user-reviews
193,https://www.metacritic.com/game/pc/cuphead-in-the-delicious-last-course/user-reviews
194,https://www.metacritic.com/game/pc/world-in-conflict/user-reviews
195,https://www.metacritic.com/game/pc/hi-fi-rush/user-reviews
196,https://www.metacritic.com/game/pc/star-control-3/user-reviews
197,https://www.metacritic.com/game/pc/duke-nukem-3d/user-reviews
198,https://www.metacritic.com/game/pc/decisive-battles-of-wwii-vol-2-korsun-pocket/user-reviews
199,https://www.metacritic.com/game/pc/nascar-racing-4/user-reviews
200,https://www.metacritic.com/game/pc/hyper-demon/user-reviews
201,https://www.metacritic.com/game/pc/far-cry/user-reviews
202,https://www.metacritic.com/game/pc/nuclear-throne/user-reviews
203,https://www.metacritic.com/game/pc/lone-echo/user-reviews
204,https://www.metacritic.com/game/pc/fifa-soccer-12/user-reviews
205,https://www.metacritic.com/game/pc/cruelty-squad/user-reviews
206,https://www.metacritic.com/game/pc/xcom-enemy-unknown/user-reviews
207,https://www.metacritic.com/game/pc/mass-effect-3/user-reviews
208,https://www.metacritic.com/game/pc/rise-of-nations/user-reviews
209,https://www.metacritic.com/game/pc/nascar-racing-2003-season/user-reviews
210,https://www.metacritic.com/game/pc/nhl-eastside-hockey-manager-2007/user-reviews
211,https://www.metacritic.com/game/pc/descent-ii/user-reviews
212,https://www.metacritic.com/game/pc/the-curse-of-monkey-island/user-reviews
213,https://www.metacritic.com/game/pc/descent-3/user-reviews
214,https://www.metacritic.com/game/pc/norco/user-reviews
215,https://www.metacritic.com/game/pc/rez-infinite/user-reviews
216,https://www.metacritic.com/game/pc/battlefield-3/user-reviews
217,https://www.metacritic.com/game/pc/snk-vs-capcom-match-of-the-millennium/user-reviews
218,https://www.metacritic.com/game/pc/battlefield-1942/user-reviews
219,https://www.metacritic.com/game/pc/pinball-fx3/user-reviews
220,https://www.metacritic.com/game/pc/madden-nfl-2003/user-reviews
221,https://www.metacritic.com/game/pc/dirt-2/user-reviews
222,https://www.metacritic.com/game/pc/it-takes-two/user-reviews
223,https://www.metacritic.com/game/pc/return-of-the-obra-dinn/user-reviews
224,https://www.metacritic.com/game/pc/rayman-legends/user-reviews
225,https://www.metacritic.com/game/pc/stardew-valley/user-reviews
226,https://www.metacritic.com/game/pc/prince-of-persia-the-sands-of-time/user-reviews
227,https://www.metacritic.com/game/pc/what-remains-of-edith-finch/user-reviews
228,https://www.metacritic.com/game/pc/railroad-tycoon-ii/user-reviews
229,https://www.metacritic.com/game/pc/asgards-wrath/user-reviews
230,https://www.metacritic.com/game/pc/xcom-2-war-of-the-chosen/user-reviews
231,https://www.metacritic.com/game/pc/dusk/user-reviews
232,https://www.metacritic.com/game/pc/firepower-for-microsoft-combat-flight-simulator-3/user-reviews
233,https://www.metacritic.com/game/pc/medieval-total-war/user-reviews
234,https://www.metacritic.com/game/pc/microsoft-flight-simulator-2004-a-century-of-flight/user-reviews
235,https://www.metacritic.com/game/pc/mafia/user-reviews
236,https://www.metacritic.com/game/pc/sekiro-shadows-die-twice/user-reviews
237,https://www.metacritic.com/game/pc/limbo/user-reviews
238,https://www.metacritic.com/game/pc/assassins-creed-brotherhood/user-reviews
239,https://www.metacritic.com/game/pc/crusader-kings-ii-the-old-gods/user-reviews
240,https://www.metacritic.com/game/pc/superbike-2001/user-reviews
241,https://www.metacritic.com/game/pc/fear/user-reviews
242,https://www.metacritic.com/game/pc/tony-hawks-pro-skater-1-+-2/user-reviews
243,https://www.metacritic.com/game/pc/kerbal-space-program/user-reviews
244,https://www.metacritic.com/game/pc/tribes-2/user-reviews
245,https://www.metacritic.com/game/pc/streets-of-rage-4-mr-x-nightmare/user-reviews
246,https://www.metacritic.com/game/pc/ai-the-somnium-files---nirvana-initiative/user-reviews
247,https://www.metacritic.com/game/pc/super-hexagon/user-reviews
248,https://www.metacritic.com/game/pc/ori-and-the-will-of-the-wisps/user-reviews
249,https://www.metacritic.com/game/pc/warcraft-iii-the-frozen-throne/user-reviews
250,https://www.metacritic.com/game/pc/starcraft/user-reviews
251,https://www.metacritic.com/game/pc/tiger-woods-pga-tour-2004/user-reviews
252,https://www.metacritic.com/game/pc/far-cry-3/user-reviews
253,https://www.metacritic.com/game/pc/world-soccer-winning-eleven-8-international/user-reviews
254,https://www.metacritic.com/game/pc/rogue-legacy-2/user-reviews
255,https://www.metacritic.com/game/pc/torchlight-ii/user-reviews
256,https://www.metacritic.com/game/pc/xcom-2/user-reviews
257,https://www.metacritic.com/game/pc/myth-ii-soulblighter/user-reviews
258,https://www.metacritic.com/game/pc/the-lord-of-the-rings-online-riders-of-rohan/user-reviews
259,https://www.metacritic.com/game/pc/cuphead/user-reviews
260,https://www.metacritic.com/game/pc/celeste/user-reviews
261,https://www.metacritic.com/game/pc/halo-the-master-chief-collection---halo-3/user-reviews
262,https://www.metacritic.com/game/pc/return-to-castle-wolfenstein/user-reviews
263,https://www.metacritic.com/game/pc/ori-and-the-blind-forest-definitive-edition/user-reviews
264,https://www.metacritic.com/game/pc/shogo-mobile-armor-division/user-reviews
265,https://www.metacritic.com/game/pc/thirty-flights-of-loving/user-reviews
266,https://www.metacritic.com/game/pc/marvels-spider-man-miles-morales/user-reviews
267,https://www.metacritic.com/game/pc/hearthstone-heroes-of-warcraft/user-reviews
268,https://www.metacritic.com/game/pc/unity-of-command-ii/user-reviews
269,https://www.metacritic.com/game/pc/medieval-ii-total-war/user-reviews
270,https://www.metacritic.com/game/pc/apex-legends/user-reviews
271,https://www.metacritic.com/game/pc/f1-2002/user-reviews
272,https://www.metacritic.com/game/pc/the-stanley-parable/user-reviews
273,https://www.metacritic.com/game/pc/guacamelee!-gold-edition/user-reviews
274,https://www.metacritic.com/game/pc/uncharted-legacy-of-thieves-collection/user-reviews
275,https://www.metacritic.com/game/pc/bioshock-2/user-reviews
276,https://www.metacritic.com/game/pc/counter-strike-source/user-reviews
277,https://www.metacritic.com/game/pc/sid-meiers-civilization-vi/user-reviews
278,https://www.metacritic.com/game/pc/battlefield-1/user-reviews
279,https://www.metacritic.com/game/pc/starcraft-ii-legacy-of-the-void/user-reviews
280,https://www.metacritic.com/game/pc/pentiment/user-reviews
281,https://www.metacritic.com/game/pc/diablo-iii/user-reviews
282,https://www.metacritic.com/game/pc/f1-2020/user-reviews
283,https://www.metacritic.com/game/pc/monster-hunter-world/user-reviews
284,https://www.metacritic.com/game/pc/rise-of-nations-thrones-patriots/user-reviews
285,https://www.metacritic.com/game/pc/sid-meiers-pirates!/user-reviews
286,https://www.metacritic.com/game/pc/final-fantasy-vi-pixel-remaster/user-reviews
287,https://www.metacritic.com/game/pc/eve-online-special-edition/user-reviews
288,https://www.metacritic.com/game/pc/armadillo-run/user-reviews
289,https://www.metacritic.com/game/pc/world-of-warcraft-legion/user-reviews
290,https://www.metacritic.com/game/pc/pillars-of-eternity-ii-deadfire/user-reviews
291,https://www.metacritic.com/game/pc/doom-eternal/user-reviews
292,https://www.metacritic.com/game/pc/dark-age-of-camelot/user-reviews
293,https://www.metacritic.com/game/pc/baldurs-gate-ii-throne-of-bhaal/user-reviews
294,https://www.metacritic.com/game/pc/counter-strike/user-reviews
295,https://www.metacritic.com/game/pc/owlboy/user-reviews
296,https://www.metacritic.com/game/pc/tony-hawks-pro-skater-4/user-reviews
297,https://www.metacritic.com/game/pc/night-in-the-woods/user-reviews
298,https://www.metacritic.com/game/pc/ori-and-the-blind-forest/user-reviews
299,https://www.metacritic.com/game/pc/forza-horizon-4/user-reviews
300,https://www.metacritic.com/game/pc/diablo-ii/user-reviews
301,https://www.metacritic.com/game/pc/the-witcher-2-assassins-of-kings/user-reviews
302,https://www.metacritic.com/game/pc/plants-vs-zombies/user-reviews
303,https://www.metacritic.com/game/pc/doom-3/user-reviews
304,https://www.metacritic.com/game/pc/subnautica/user-reviews
305,https://www.metacritic.com/game/pc/super-meat-boy/user-reviews
306,https://www.metacritic.com/game/pc/football-manager-2010/user-reviews
307,https://www.metacritic.com/game/pc/final-fantasy-xiv-stormblood/user-reviews
308,https://www.metacritic.com/game/pc/hitman-3/user-reviews
309,https://www.metacritic.com/game/pc/nba-2k18/user-reviews
310,https://www.metacritic.com/game/pc/shadowrun-dragonfall---directors-cut/user-reviews
311,https://www.metacritic.com/game/pc/immortality/user-reviews
312,https://www.metacritic.com/game/pc/out-of-the-park-baseball-6/user-reviews
313,https://www.metacritic.com/game/pc/tom-clancys-splinter-cell-pandora-tomorrow/user-reviews
314,https://www.metacritic.com/game/pc/rimworld/user-reviews
315,https://www.metacritic.com/game/pc/europa-universalis-ii/user-reviews
316,https://www.metacritic.com/game/pc/burnout-paradise-the-ultimate-box/user-reviews
317,https://www.metacritic.com/game/pc/battlefield-bad-company-2/user-reviews
318,https://www.metacritic.com/game/pc/steinsgate/user-reviews
319,https://www.metacritic.com/game/pc/grid-2008/user-reviews
320,https://www.metacritic.com/game/pc/crypt-of-the-necrodancer/user-reviews
321,https://www.metacritic.com/game/pc/legends-of-runeterra/user-reviews
322,https://www.metacritic.com/game/pc/sins-of-a-solar-empire/user-reviews
323,https://www.metacritic.com/game/pc/hellblade-senuas-sacrifice-vr-edition/user-reviews
324,https://www.metacritic.com/game/pc/thief-ii-the-metal-age/user-reviews
325,https://www.metacritic.com/game/pc/mechwarrior-4-vengeance/user-reviews
326,https://www.metacritic.com/game/pc/diablo-ii-lord-of-destruction/user-reviews
327,https://www.metacritic.com/game/pc/monkey-island-2-special-edition-lechucks-revenge/user-reviews
328,https://www.metacritic.com/game/pc/half-life-2-episode-one/user-reviews
329,https://www.metacritic.com/game/pc/the-yakuza-remastered-collection/user-reviews
330,https://www.metacritic.com/game/pc/blind-drive/user-reviews
331,https://www.metacritic.com/game/pc/omori/user-reviews
332,https://www.metacritic.com/game/pc/the-swapper/user-reviews
333,https://www.metacritic.com/game/pc/baba-is-you/user-reviews
334,https://www.metacritic.com/game/pc/fifa-14/user-reviews
335,https://www.metacritic.com/game/pc/hitman-2-silent-assassin/user-reviews
336,https://www.metacritic.com/game/pc/mini-motorways/user-reviews
337,https://www.metacritic.com/game/pc/year-walk/user-reviews
338,https://www.metacritic.com/game/pc/max-payne-3/user-reviews
339,https://www.metacritic.com/game/pc/towerfall-ascension/user-reviews
340,https://www.metacritic.com/game/pc/hollow-knight/user-reviews
341,https://www.metacritic.com/game/pc/icewind-dale/user-reviews
342,https://www.metacritic.com/game/pc/nhl-2002/user-reviews
343,https://www.metacritic.com/game/pc/olliolli-world/user-reviews
344,https://www.metacritic.com/game/pc/borderlands-2-tiny-tinas-assault-on-dragon-keep/user-reviews
345,https://www.metacritic.com/game/pc/battlefield-3-armored-kill/user-reviews
346,https://www.metacritic.com/game/pc/wasteland-2-directors-cut/user-reviews
347,https://www.metacritic.com/game/pc/orcs-must-die!-unchained/user-reviews
348,https://www.metacritic.com/game/pc/deathloop/user-reviews
349,https://www.metacritic.com/game/pc/vampire-survivors/user-reviews
350,https://www.metacritic.com/game/pc/the-witness/user-reviews
351,https://www.metacritic.com/game/pc/kohan-immortal-sovereigns/user-reviews
352,https://www.metacritic.com/game/pc/brothers-in-arms-road-to-hill-30/user-reviews
353,https://www.metacritic.com/game/pc/dead-space-2/user-reviews
354,https://www.metacritic.com/game/pc/raw-data/user-reviews
355,https://www.metacritic.com/game/pc/diablo-iii-reaper-of-souls/user-reviews
356,https://www.metacritic.com/game/pc/dcs-a-10c-warthog/user-reviews
357,https://www.metacritic.com/game/pc/serious-sam-the-first-encounter/user-reviews
358,https://www.metacritic.com/game/pc/shogun-total-war-warlord-edition/user-reviews
359,https://www.metacritic.com/game/pc/grand-prix-3/user-reviews
360,https://www.metacritic.com/game/pc/colin-mcrae-rally-04/user-reviews
361,https://www.metacritic.com/game/pc/echo-arena/user-reviews
362,https://www.metacritic.com/game/pc/call-of-duty-united-offensive/user-reviews
363,https://www.metacritic.com/game/pc/divinity-original-sin/user-reviews
364,https://www.metacritic.com/game/pc/unavowed/user-reviews
365,https://www.metacritic.com/game/pc/marvels-spider-man-remastered/user-reviews
366,https://www.metacritic.com/game/pc/company-of-heroes-opposing-fronts/user-reviews
367,https://www.metacritic.com/game/pc/dead-space/user-reviews
368,https://www.metacritic.com/game/pc/psychonauts/user-reviews
369,https://www.metacritic.com/game/pc/gears-of-war/user-reviews
370,https://www.metacritic.com/game/pc/out-of-the-park-baseball-4/user-reviews
371,https://www.metacritic.com/game/pc/until-you-fall/user-reviews
372,https://www.metacritic.com/game/pc/nba-2k15/user-reviews
373,https://www.metacritic.com/game/pc/monster-hunter-world---iceborne/user-reviews
374,https://www.metacritic.com/game/pc/f1-2019/user-reviews
375,https://www.metacritic.com/game/pc/inside/user-reviews
376,https://www.metacritic.com/game/pc/europa-universalis-iv/user-reviews
377,https://www.metacritic.com/game/pc/persona-4-golden/user-reviews
378,https://www.metacritic.com/game/pc/sunless-skies/user-reviews
379,https://www.metacritic.com/game/pc/total-war-warhammer-ii/user-reviews
380,https://www.metacritic.com/game/pc/zeus-master-of-olympus/user-reviews
381,https://www.metacritic.com/game/pc/six-ages-ride-like-the-wind/user-reviews
382,https://www.metacritic.com/game/pc/nhl-2004/user-reviews
383,https://www.metacritic.com/game/pc/dying-light-the-following---enhanced-edition/user-reviews
384,https://www.metacritic.com/game/pc/hex-shards-of-fate/user-reviews
385,https://www.metacritic.com/game/pc/world-of-warcraft-warlords-of-draenor/user-reviews
386,https://www.metacritic.com/game/pc/warhammer-40000-dawn-of-war---dark-crusade/user-reviews
387,https://www.metacritic.com/game/pc/west-of-loathing/user-reviews
388,https://www.metacritic.com/game/pc/iconoclasts/user-reviews
389,https://www.metacritic.com/game/pc/commandos-2-men-of-courage/user-reviews
390,https://www.metacritic.com/game/pc/forza-horizon-3/user-reviews
391,https://www.metacritic.com/game/pc/tales-from-the-borderlands-episode-5---the-vault-of-the-traveler/user-reviews
392,https://www.metacritic.com/game/pc/bastion/user-reviews
393,https://www.metacritic.com/game/pc/gone-home/user-reviews
394,https://www.metacritic.com/game/pc/pac-man-championship-edition-dx-+/user-reviews
395,https://www.metacritic.com/game/pc/supreme-commander/user-reviews
396,https://www.metacritic.com/game/pc/enemy-engaged-rah-66-comanche-versus-ka-52-hokum/user-reviews
397,https://www.metacritic.com/game/pc/fallout-2/user-reviews
398,https://www.metacritic.com/game/pc/startopia/user-reviews
399,https://www.metacritic.com/game/pc/total-war-shogun-2---fall-of-the-samurai/user-reviews
400,https://www.metacritic.com/game/pc/oddworld-abes-oddysee---new-n-tasty/user-reviews
401,https://www.metacritic.com/game/pc/final-fantasy-xiv-heavensward/user-reviews
402,https://www.metacritic.com/game/pc/football-manager-2013/user-reviews
403,https://www.metacritic.com/game/pc/out-of-the-park-baseball-14/user-reviews
404,https://www.metacritic.com/game/pc/dead-cells-return-to-castlevania/user-reviews
405,https://www.metacritic.com/game/pc/the-witcher-enhanced-edition/user-reviews
406,https://www.metacritic.com/game/pc/lacuna---a-sci-fi-noir-adventure/user-reviews
407,https://www.metacritic.com/game/pc/borderlands-the-secret-armory-of-general-knoxx/user-reviews
408,https://www.metacritic.com/game/pc/call-of-duty-2/user-reviews
409,https://www.metacritic.com/game/pc/astebreed/user-reviews
410,https://www.metacritic.com/game/pc/return-to-monkey-island/user-reviews
411,https://www.metacritic.com/game/pc/monster-hunter-rise-sunbreak/user-reviews
412,https://www.metacritic.com/game/pc/ground-control/user-reviews
413,https://www.metacritic.com/game/pc/kentucky-route-zero/user-reviews
414,https://www.metacritic.com/game/pc/a-space-for-the-unbound/user-reviews
415,https://www.metacritic.com/game/pc/rise-of-the-tomb-raider/user-reviews
416,https://www.metacritic.com/game/pc/total-war-warhammer/user-reviews
417,https://www.metacritic.com/game/pc/the-gallery---episode-2-heart-of-the-emberstone/user-reviews
418,https://www.metacritic.com/game/pc/zero-escape-the-nonary-games/user-reviews
419,https://www.metacritic.com/game/pc/bug-fables-the-everlasting-sapling/user-reviews
420,https://www.metacritic.com/game/pc/resident-evil-5/user-reviews
421,https://www.metacritic.com/game/pc/saints-row-iv/user-reviews
422,https://www.metacritic.com/game/pc/mushihimesama/user-reviews
423,https://www.metacritic.com/game/pc/final-fantasy-vii-remake-intergrade/user-reviews
424,https://www.metacritic.com/game/pc/monster-hunter-rise/user-reviews
425,https://www.metacritic.com/game/pc/steel-beasts/user-reviews
426,https://www.metacritic.com/game/pc/everquest-omens-of-war/user-reviews
427,https://www.metacritic.com/game/pc/total-annihilation/user-reviews
428,https://www.metacritic.com/game/pc/need-for-speed-hot-pursuit/user-reviews
429,https://www.metacritic.com/game/pc/fifa-soccer-13/user-reviews
430,https://www.metacritic.com/game/pc/sid-meiers-civilization-iv-beyond-the-sword/user-reviews
431,https://www.metacritic.com/game/pc/the-sims-3/user-reviews
432,https://www.metacritic.com/game/pc/freedom-force-vs-the-3rd-reich/user-reviews
433,https://www.metacritic.com/game/pc/death-stranding/user-reviews
434,https://www.metacritic.com/game/pc/yakuza-0/user-reviews
435,https://www.metacritic.com/game/pc/tribes-ascend/user-reviews
436,https://www.metacritic.com/game/pc/the-binding-of-isaac-rebirth/user-reviews
437,https://www.metacritic.com/game/pc/titanfall/user-reviews
438,https://www.metacritic.com/game/pc/rayman-origins/user-reviews
439,https://www.metacritic.com/game/pc/gears-of-war-4/user-reviews
440,https://www.metacritic.com/game/pc/valfaris/user-reviews
441,https://www.metacritic.com/game/pc/returnal/user-reviews
442,https://www.metacritic.com/game/pc/panzer-corps-2/user-reviews
443,https://www.metacritic.com/game/pc/her-story/user-reviews
444,https://www.metacritic.com/game/pc/starcraft-ii-heart-of-the-swarm/user-reviews
445,https://www.metacritic.com/game/pc/dishonored-2/user-reviews
446,https://www.metacritic.com/game/pc/monster-slayers/user-reviews
447,https://www.metacritic.com/game/pc/lego-star-wars-ii-the-original-trilogy/user-reviews
448,https://www.metacritic.com/game/pc/mass-effect-2-lair-of-the-shadow-broker/user-reviews
449,https://www.metacritic.com/game/pc/out-of-the-park-baseball-18/user-reviews
450,https://www.metacritic.com/game/pc/townscaper/user-reviews
451,https://www.metacritic.com/game/pc/the-last-friend/user-reviews
452,https://www.metacritic.com/game/pc/cosmonious-high/user-reviews
453,https://www.metacritic.com/game/pc/dungeon-siege/user-reviews
454,https://www.metacritic.com/game/pc/crysis-2/user-reviews
455,https://www.metacritic.com/game/pc/mass-effect-legendary-edition/user-reviews
456,https://www.metacritic.com/game/pc/call-of-duty-modern-warfare-2/user-reviews
457,https://www.metacritic.com/game/pc/the-secret-of-monkey-island-special-edition/user-reviews
458,https://www.metacritic.com/game/pc/max-payne-2-the-fall-of-max-payne/user-reviews
459,https://www.metacritic.com/game/pc/homeworld-remastered-collection/user-reviews
460,https://www.metacritic.com/game/pc/crosscode/user-reviews
461,https://www.metacritic.com/game/pc/galactic-civilizations-ii-dread-lords/user-reviews
462,https://www.metacritic.com/game/pc/wolfenstein-ii-the-new-colossus/user-reviews
463,https://www.metacritic.com/game/pc/tomb-raider/user-reviews
464,https://www.metacritic.com/game/pc/star-trek-voyager-elite-force/user-reviews
465,https://www.metacritic.com/game/pc/nioh-2-the-complete-edition/user-reviews
466,https://www.metacritic.com/game/pc/worldwide-soccer-manager-2008/user-reviews
467,https://www.metacritic.com/game/pc/il-2-sturmovik-forgotten-battles/user-reviews
468,https://www.metacritic.com/game/pc/f1-2016/user-reviews
469,https://www.metacritic.com/game/pc/dirt-3/user-reviews
470,https://www.metacritic.com/game/pc/devotion/user-reviews
471,https://www.metacritic.com/game/pc/links-2001/user-reviews
472,https://www.metacritic.com/game/pc/europa-universalis-iii-heir-to-the-throne/user-reviews
473,https://www.metacritic.com/game/pc/age-of-wonders-ii-the-wizards-throne/user-reviews
474,https://www.metacritic.com/game/pc/full-throttle/user-reviews
475,https://www.metacritic.com/game/pc/unreal-tournament-2003/user-reviews
476,https://www.metacritic.com/game/pc/everquest-the-ruins-of-kunark/user-reviews
477,https://www.metacritic.com/game/pc/the-lord-of-the-rings-online-shadows-of-angmar/user-reviews
478,https://www.metacritic.com/game/pc/desperados-iii/user-reviews
479,https://www.metacritic.com/game/pc/warhammer-40000-dawn-of-war/user-reviews
480,https://www.metacritic.com/game/pc/pony-island/user-reviews
481,https://www.metacritic.com/game/pc/mass-effect-2-overlord/user-reviews
482,https://www.metacritic.com/game/pc/nba-2k12/user-reviews
483,https://www.metacritic.com/game/pc/warhammer-online-age-of-reckoning/user-reviews
484,https://www.metacritic.com/game/pc/dead-space-2008/user-reviews
485,https://www.metacritic.com/game/pc/playerunknowns-battlegrounds/user-reviews
486,https://www.metacritic.com/game/pc/thumper/user-reviews
487,https://www.metacritic.com/game/pc/bionic-commando-rearmed/user-reviews
488,https://www.metacritic.com/game/pc/monster-train/user-reviews
489,https://www.metacritic.com/game/pc/command-conquer-red-alert-2---yuris-revenge/user-reviews
490,https://www.metacritic.com/game/pc/europa-universalis/user-reviews
491,https://www.metacritic.com/game/pc/escape-from-monkey-island/user-reviews
492,https://www.metacritic.com/game/pc/il-2-sturmovik-1946/user-reviews
493,https://www.metacritic.com/game/pc/the-case-of-the-golden-idol/user-reviews
494,https://www.metacritic.com/game/pc/xcom-enemy-within/user-reviews
495,https://www.metacritic.com/game/pc/wildermyth/user-reviews
496,https://www.metacritic.com/game/pc/cook-out-a-sandwich-tale/user-reviews
497,https://www.metacritic.com/game/pc/titanfall-2/user-reviews
498,https://www.metacritic.com/game/pc/battlefield-3-back-to-karkand/user-reviews
499,https://www.metacritic.com/game/pc/heroes-of-the-storm/user-reviews
500,https://www.metacritic.com/game/pc/civilization-iii-conquests/user-reviews
501,https://www.metacritic.com/game/pc/8-bit-adventures-2/user-reviews
502,https://www.metacritic.com/game/pc/path-of-exile/user-reviews
503,https://www.metacritic.com/game/pc/battlefield-bad-company-2-vietnam/user-reviews
504,https://www.metacritic.com/game/pc/call-of-duty-modern-warfare-remastered/user-reviews
505,https://www.metacritic.com/game/pc/assassins-creed-ii/user-reviews
506,https://www.metacritic.com/game/pc/ender-lilies-quietus-of-the-knights/user-reviews
507,https://www.metacritic.com/game/pc/football-manager-2019/user-reviews
508,https://www.metacritic.com/game/pc/day-of-the-tentacle-remastered/user-reviews
509,https://www.metacritic.com/game/pc/the-elder-scrolls-iv-shivering-isles/user-reviews
510,https://www.metacritic.com/game/pc/assassins-creed-odyssey/user-reviews
511,https://www.metacritic.com/game/pc/cyberpunk-2077/user-reviews
512,https://www.metacritic.com/game/pc/dirt-rally/user-reviews
513,https://www.metacritic.com/game/pc/rocket-league/user-reviews
514,https://www.metacritic.com/game/pc/oxygen-not-included/user-reviews
515,https://www.metacritic.com/game/pc/kynseed/user-reviews
516,https://www.metacritic.com/game/pc/f1-2021/user-reviews
517,https://www.metacritic.com/game/pc/allegiance/user-reviews
518,https://www.metacritic.com/game/pc/injustice-2/user-reviews
519,https://www.metacritic.com/game/pc/risk-of-rain-2/user-reviews
520,https://www.metacritic.com/game/pc/the-talos-principle/user-reviews
521,https://www.metacritic.com/game/pc/cities-skylines/user-reviews
522,https://www.metacritic.com/game/pc/total-war-warhammer-iii/user-reviews
523,https://www.metacritic.com/game/pc/deep-rock-galactic/user-reviews
524,https://www.metacritic.com/game/pc/tom-clancys-rainbow-six/user-reviews
525,https://www.metacritic.com/game/pc/falcon-40/user-reviews
526,https://www.metacritic.com/game/pc/guilty-gear--strive-/user-reviews
527,https://www.metacritic.com/game/pc/wasteland-3/user-reviews
528,https://www.metacritic.com/game/pc/madden-nfl-2005/user-reviews
529,https://www.metacritic.com/game/pc/legend-of-grimrock-ii/user-reviews
530,https://www.metacritic.com/game/pc/sam-max-episode-205-whats-new-beelzebub/user-reviews
531,https://www.metacritic.com/game/pc/dragon-age-inquisition/user-reviews
532,https://www.metacritic.com/game/pc/tales-from-the-borderlands-a-telltale-game-series/user-reviews
533,https://www.metacritic.com/game/pc/hearthstone-heroes-of-warcraft---whispers-of-the-old-gods/user-reviews
534,https://www.metacritic.com/game/pc/among-us/user-reviews
535,https://www.metacritic.com/game/pc/gorn/user-reviews
536,https://www.metacritic.com/game/pc/tom-clancys-rainbow-six-vegas/user-reviews
537,https://www.metacritic.com/game/pc/city-of-heroes/user-reviews
538,https://www.metacritic.com/game/pc/blazblue-chrono-phantasma-extend/user-reviews
539,https://www.metacritic.com/game/pc/swat-4/user-reviews
540,https://www.metacritic.com/game/pc/everquest/user-reviews
541,https://www.metacritic.com/game/pc/warhammer-40000-dawn-of-war-ii/user-reviews
542,https://www.metacritic.com/game/pc/the-sims-4-realm-of-magic/user-reviews
543,https://www.metacritic.com/game/pc/paradigm/user-reviews
544,https://www.metacritic.com/game/pc/battlerite/user-reviews
545,https://www.metacritic.com/game/pc/command-conquer-3-tiberium-wars/user-reviews
546,https://www.metacritic.com/game/pc/bittrip-presentsrunner2-future-legend-of-rhythm-alien/user-reviews
547,https://www.metacritic.com/game/pc/hotline-miami/user-reviews
548,https://www.metacritic.com/game/pc/metro-exodus-enhanced-edition/user-reviews
549,https://www.metacritic.com/game/pc/nba-2k10/user-reviews
550,https://www.metacritic.com/game/pc/aliens-versus-predator-2/user-reviews
551,https://www.metacritic.com/game/pc/out-of-the-park-baseball-13/user-reviews
552,https://www.metacritic.com/game/pc/final-fantasy-xv-windows-edition/user-reviews
553,https://www.metacritic.com/game/pc/wizardry-8/user-reviews
554,https://www.metacritic.com/game/pc/operation-flashpoint-cold-war-crisis/user-reviews
555,https://www.metacritic.com/game/pc/tropico/user-reviews
556,https://www.metacritic.com/game/pc/giants-citizen-kabuto/user-reviews
557,https://www.metacritic.com/game/pc/van-helsing-i-complete-pack/user-reviews
558,https://www.metacritic.com/game/pc/nascar-simracing/user-reviews
559,https://www.metacritic.com/game/pc/the-lord-of-the-rings-online-mines-of-moria/user-reviews
560,https://www.metacritic.com/game/pc/the-binding-of-isaac-afterbirth/user-reviews
561,https://www.metacritic.com/game/pc/amnesia-the-dark-descent/user-reviews
562,https://www.metacritic.com/game/pc/out-of-the-park-baseball-11/user-reviews
563,https://www.metacritic.com/game/pc/huntdown/user-reviews
564,https://www.metacritic.com/game/pc/chaos-reborn/user-reviews
565,https://www.metacritic.com/game/pc/russian-subway-dogs/user-reviews
566,https://www.metacritic.com/game/pc/gtr-fia-gt-racing-game/user-reviews
567,https://www.metacritic.com/game/pc/control/user-reviews
568,https://www.metacritic.com/game/pc/football-manager-2011/user-reviews
569,https://www.metacritic.com/game/pc/dust-an-elysian-tail/user-reviews
570,https://www.metacritic.com/game/pc/americas-army-special-forces/user-reviews
571,https://www.metacritic.com/game/pc/south-park-the-stick-of-truth/user-reviews
572,https://www.metacritic.com/game/pc/destiny-2-the-witch-queen/user-reviews
573,https://www.metacritic.com/game/pc/clive-barkers-undying/user-reviews
574,https://www.metacritic.com/game/pc/dark-souls-prepare-to-die-edition/user-reviews
575,https://www.metacritic.com/game/pc/tunic/user-reviews
576,https://www.metacritic.com/game/pc/shadow-tactics-blades-of-the-shogun/user-reviews
577,https://www.metacritic.com/game/pc/medieval-ii-total-war-kingdoms/user-reviews
578,https://www.metacritic.com/game/pc/once-upon-a-jester/user-reviews
579,https://www.metacritic.com/game/pc/supraland/user-reviews
580,https://www.metacritic.com/game/pc/monopoly-tycoon/user-reviews
581,https://www.metacritic.com/game/pc/hearthstone-heroes-of-warcraft---league-of-explorers/user-reviews
582,https://www.metacritic.com/game/pc/dmc-devil-may-cry/user-reviews
583,https://www.metacritic.com/game/pc/dragon-quest-builders-2/user-reviews
584,https://www.metacritic.com/game/pc/hell-is-other-demons/user-reviews
585,https://www.metacritic.com/game/pc/phoenotopia-awakening/user-reviews
586,https://www.metacritic.com/game/pc/roche-fusion/user-reviews
587,https://www.metacritic.com/game/pc/neo-the-world-ends-with-you/user-reviews
588,https://www.metacritic.com/game/pc/peggle-deluxe/user-reviews
589,https://www.metacritic.com/game/pc/the-legend-of-heroes-trails-in-the-sky/user-reviews
590,https://www.metacritic.com/game/pc/3-out-of-10-season-one/user-reviews
591,https://www.metacritic.com/game/pc/the-king-of-fighters-xv/user-reviews
592,https://www.metacritic.com/game/pc/crimzon-clover-world-ignition/user-reviews
593,https://www.metacritic.com/game/pc/shovel-knight/user-reviews
594,https://www.metacritic.com/game/pc/inscryption/user-reviews
595,https://www.metacritic.com/game/pc/indigo-prophecy/user-reviews
596,https://www.metacritic.com/game/pc/prince-of-persia-the-two-thrones/user-reviews
597,https://www.metacritic.com/game/pc/sam-max-episode-204-chariots-of-the-dogs/user-reviews
598,https://www.metacritic.com/game/pc/assetto-corsa/user-reviews
599,https://www.metacritic.com/game/pc/machinarium/user-reviews
600,https://www.metacritic.com/game/pc/frozen-synapse/user-reviews
601,https://www.metacritic.com/game/pc/valkyria-chronicles/user-reviews
602,https://www.metacritic.com/game/pc/freelancer/user-reviews
603,https://www.metacritic.com/game/pc/zenzizenzic/user-reviews
604,https://www.metacritic.com/game/pc/galactic-civilizations-iii-crusade/user-reviews
605,https://www.metacritic.com/game/pc/the-wolf-among-us-episode-1---faith/user-reviews
606,https://www.metacritic.com/game/pc/steamworld-dig-2/user-reviews
607,https://www.metacritic.com/game/pc/robo-recall/user-reviews
608,https://www.metacritic.com/game/pc/mega-man-legacy-collection/user-reviews
609,https://www.metacritic.com/game/pc/football-manager-2022/user-reviews
610,https://www.metacritic.com/game/pc/far-cry-2/user-reviews
611,https://www.metacritic.com/game/pc/audiosurf/user-reviews
612,https://www.metacritic.com/game/pc/battlefield-3-aftermath/user-reviews
613,https://www.metacritic.com/game/pc/the-walking-dead-episode-3---long-road-ahead/user-reviews
614,https://www.metacritic.com/game/pc/the-wonderful-101-remastered/user-reviews
615,https://www.metacritic.com/game/pc/battleblock-theater/user-reviews
616,https://www.metacritic.com/game/pc/dragon-ball-fighterz/user-reviews
617,https://www.metacritic.com/game/pc/star-wars-knights-of-the-old-republic-ii---the-sith-lords/user-reviews
618,https://www.metacritic.com/game/pc/deaths-door/user-reviews
619,https://www.metacritic.com/game/pc/amid-evil/user-reviews
620,https://www.metacritic.com/game/pc/batman-the-enemy-within---episode-5-same-stitch/user-reviews
621,https://www.metacritic.com/game/pc/roadwarden/user-reviews
622,https://www.metacritic.com/game/pc/mvp-baseball-2005/user-reviews
623,https://www.metacritic.com/game/pc/ghost-giant/user-reviews
624,https://www.metacritic.com/game/pc/full-metal-furies/user-reviews
625,https://www.metacritic.com/game/pc/the-elder-scrolls-iii-bloodmoon/user-reviews
626,https://www.metacritic.com/game/pc/rogue-legacy/user-reviews
627,https://www.metacritic.com/game/pc/thief-deadly-shadows/user-reviews
628,https://www.metacritic.com/game/pc/terror-of-hemasaurus/user-reviews
629,https://www.metacritic.com/game/pc/octahedron/user-reviews
630,https://www.metacritic.com/game/pc/football-manager-2014/user-reviews
631,https://www.metacritic.com/game/pc/system-shock-enhanced-edition/user-reviews
632,https://www.metacritic.com/game/pc/star-chamber/user-reviews
633,https://www.metacritic.com/game/pc/everquest-gates-of-discord/user-reviews
634,https://www.metacritic.com/game/pc/fifa-2001-major-league-soccer/user-reviews
635,https://www.metacritic.com/game/pc/shu/user-reviews
636,https://www.metacritic.com/game/pc/sid-meiers-civilization-v-brave-new-world/user-reviews
637,https://www.metacritic.com/game/pc/football-manager-2021/user-reviews
638,https://www.metacritic.com/game/pc/death-stranding-directors-cut/user-reviews
639,https://www.metacritic.com/game/pc/total-war-three-kingdoms/user-reviews
640,https://www.metacritic.com/game/pc/sengoku-jidai-shadow-of-the-shogun/user-reviews
641,https://www.metacritic.com/game/pc/the-last-door-season-2/user-reviews
642,https://www.metacritic.com/game/pc/thronebreaker-the-witcher-tales/user-reviews
643,https://www.metacritic.com/game/pc/final-fantasy-xi/user-reviews
644,https://www.metacritic.com/game/pc/resident-evil-4-vr-oculus-quest-2/user-reviews
645,https://www.metacritic.com/game/pc/serious-sam-the-second-encounter/user-reviews
646,https://www.metacritic.com/game/pc/il-2-sturmovik-forgotten-battles---ace/user-reviews
647,https://www.metacritic.com/game/pc/the-sims-hot-date/user-reviews
648,https://www.metacritic.com/game/pc/nancy-drew-the-haunted-carousel/user-reviews
649,https://www.metacritic.com/game/pc/american-mcgees-alice/user-reviews
650,https://www.metacritic.com/game/pc/trials-evolution-gold-edition/user-reviews
651,https://www.metacritic.com/game/pc/chime-sharp/user-reviews
652,https://www.metacritic.com/game/pc/embracelet/user-reviews
653,https://www.metacritic.com/game/pc/warhammer-40000-dawn-of-war---winter-assault/user-reviews
654,https://www.metacritic.com/game/pc/outer-wilds/user-reviews
655,https://www.metacritic.com/game/pc/starcraft-remastered/user-reviews
656,https://www.metacritic.com/game/pc/planescape-torment---enhanced-edition/user-reviews
657,https://www.metacritic.com/game/pc/tony-hawks-underground-2/user-reviews
658,https://www.metacritic.com/game/pc/manifold-garden/user-reviews
659,https://www.metacritic.com/game/pc/papers-please/user-reviews
660,https://www.metacritic.com/game/pc/doom/user-reviews
661,https://www.metacritic.com/game/pc/star-wars-the-old-republic/user-reviews
662,https://www.metacritic.com/game/pc/mighty-switch-force!-hyper-drive-edition/user-reviews
663,https://www.metacritic.com/game/pc/anarchy-online-shadowlands/user-reviews
664,https://www.metacritic.com/game/pc/dark-age-of-camelot-shrouded-isles/user-reviews
665,https://www.metacritic.com/game/pc/obsidian/user-reviews
666,https://www.metacritic.com/game/pc/the-forgotten-city/user-reviews
667,https://www.metacritic.com/game/pc/dirt-rally-20/user-reviews
668,https://www.metacritic.com/game/pc/warhammer-40000-dawn-of-war-ii---chaos-rising/user-reviews
669,https://www.metacritic.com/game/pc/the-walking-dead-episode-2---starved-for-help/user-reviews
670,https://www.metacritic.com/game/pc/saints-row-the-third/user-reviews
671,https://www.metacritic.com/game/pc/fallout-new-vegas/user-reviews
672,https://www.metacritic.com/game/pc/the-movies/user-reviews
673,https://www.metacritic.com/game/pc/sid-meiers-simgolf/user-reviews
674,https://www.metacritic.com/game/pc/neverwinter-nights-hordes-of-the-underdark/user-reviews
675,https://www.metacritic.com/game/pc/tactics-ogre-reborn/user-reviews
676,https://www.metacritic.com/game/pc/command-conquer-generals/user-reviews
677,https://www.metacritic.com/game/pc/heavenly-bodies/user-reviews
678,https://www.metacritic.com/game/pc/middle-earth-shadow-of-mordor/user-reviews
679,https://www.metacritic.com/game/pc/spacechem/user-reviews
680,https://www.metacritic.com/game/pc/aliens-go-home-run/user-reviews
681,https://www.metacritic.com/game/pc/olliolli-world-void-riders/user-reviews
682,https://www.metacritic.com/game/pc/pinball-fx-2/user-reviews
683,https://www.metacritic.com/game/pc/atelier-ryza-2-lost-legends-the-secret-fairy/user-reviews
684,https://www.metacritic.com/game/pc/resident-evil/user-reviews
685,https://www.metacritic.com/game/pc/if-found/user-reviews
686,https://www.metacritic.com/game/pc/horizon-zero-dawn-complete-edition/user-reviews
687,https://www.metacritic.com/game/pc/planetside-2/user-reviews
688,https://www.metacritic.com/game/pc/planet-coaster/user-reviews
689,https://www.metacritic.com/game/pc/the-bards-tale-iv-directors-cut/user-reviews
690,https://www.metacritic.com/game/pc/judgment/user-reviews
691,https://www.metacritic.com/game/pc/flanker-25/user-reviews
692,https://www.metacritic.com/game/pc/rakuen/user-reviews
693,https://www.metacritic.com/game/pc/guilty-gear-xrd--sign-/user-reviews
694,https://www.metacritic.com/game/pc/gt-legends/user-reviews
695,https://www.metacritic.com/game/pc/reventure/user-reviews
696,https://www.metacritic.com/game/pc/ikaruga/user-reviews
697,https://www.metacritic.com/game/pc/the-sims-4-island-living/user-reviews
698,https://www.metacritic.com/game/pc/hearthstone-heroes-of-warcraft---goblins-vs-gnomes/user-reviews
699,https://www.metacritic.com/game/pc/knockout-league/user-reviews
700,https://www.metacritic.com/game/pc/halo-the-master-chief-collection---halo-4/user-reviews
701,https://www.metacritic.com/game/pc/space-rangers-2-rise-of-the-dominators/user-reviews
702,https://www.metacritic.com/game/pc/tales-from-the-borderlands-episode-1---zer0-sum/user-reviews
703,https://www.metacritic.com/game/pc/sprint-vector/user-reviews
704,https://www.metacritic.com/game/pc/puzzle-quest-challenge-of-the-warlords/user-reviews
705,https://www.metacritic.com/game/pc/destiny-2-forsaken/user-reviews
706,https://www.metacritic.com/game/pc/command-conquer-red-alert-2/user-reviews
707,https://www.metacritic.com/game/pc/sub-command/user-reviews
708,https://www.metacritic.com/game/pc/shogun-total-war/user-reviews
709,https://www.metacritic.com/game/pc/hearthstone-heroes-of-warcraft---knights-of-the-frozen-throne/user-reviews
710,https://www.metacritic.com/game/pc/mythic-ocean/user-reviews
711,https://www.metacritic.com/game/pc/heroes-of-might-and-magic-iv/user-reviews
712,https://www.metacritic.com/game/pc/green-hell-vr/user-reviews
713,https://www.metacritic.com/game/pc/dirt/user-reviews
714,https://www.metacritic.com/game/pc/super-street-fighter-iv-arcade-edition/user-reviews
715,https://www.metacritic.com/game/pc/field-of-glory-ii/user-reviews
716,https://www.metacritic.com/game/pc/mortal-kombat-xl/user-reviews
717,https://www.metacritic.com/game/pc/giana-sisters-twisted-dreams---rise-of-the-owlverlord/user-reviews
718,https://www.metacritic.com/game/pc/wingspan/user-reviews
719,https://www.metacritic.com/game/pc/football-manager-2012/user-reviews
720,https://www.metacritic.com/game/pc/shovel-knight-pocket-dungeon/user-reviews
721,https://www.metacritic.com/game/pc/guild-wars-factions/user-reviews
722,https://www.metacritic.com/game/pc/gorogoa/user-reviews
723,https://www.metacritic.com/game/pc/darkest-dungeon/user-reviews
724,https://www.metacritic.com/game/pc/80-days-2015/user-reviews
725,https://www.metacritic.com/game/pc/spore/user-reviews
726,https://www.metacritic.com/game/pc/unity-of-command/user-reviews
727,https://www.metacritic.com/game/pc/out-of-the-park-baseball-5/user-reviews
728,https://www.metacritic.com/game/pc/hearthstone-heroes-of-warcraft---the-grand-tournament/user-reviews
729,https://www.metacritic.com/game/pc/red-matter-2/user-reviews
730,https://www.metacritic.com/game/pc/eliza/user-reviews
731,https://www.metacritic.com/game/pc/metro-redux/user-reviews
732,https://www.metacritic.com/game/pc/enter-the-gungeon/user-reviews
733,https://www.metacritic.com/game/pc/time-gentlemen-please!/user-reviews
734,https://www.metacritic.com/game/pc/total-war-warhammer-ii---rise-of-the-tomb-kings/user-reviews
735,https://www.metacritic.com/game/pc/creed-rise-to-glory/user-reviews
736,https://www.metacritic.com/game/pc/bulb-boy/user-reviews
737,https://www.metacritic.com/game/pc/mass-effect-3-citadel/user-reviews
738,https://www.metacritic.com/game/pc/mothergunship-forge/user-reviews
739,https://www.metacritic.com/game/pc/infernax/user-reviews
740,https://www.metacritic.com/game/pc/umurangi-generation/user-reviews
741,https://www.metacritic.com/game/pc/disciples-ii-dark-prophecy/user-reviews
742,https://www.metacritic.com/game/pc/europa-universalis-iv-wealth-of-nations/user-reviews
743,https://www.metacritic.com/game/pc/frostpunk/user-reviews
744,https://www.metacritic.com/game/pc/just-cause-2/user-reviews
745,https://www.metacritic.com/game/pc/football-manager-2020/user-reviews
746,https://www.metacritic.com/game/pc/nex-machina-death-machine/user-reviews
747,https://www.metacritic.com/game/pc/streets-of-rage-4/user-reviews
748,https://www.metacritic.com/game/pc/crysis-warhead/user-reviews
749,https://www.metacritic.com/game/pc/assassins-creed-iv-black-flag/user-reviews
750,https://www.metacritic.com/game/pc/griftlands/user-reviews
751,https://www.metacritic.com/game/pc/hyper-light-drifter/user-reviews
752,https://www.metacritic.com/game/pc/hitman---episode-2-sapienza/user-reviews
753,https://www.metacritic.com/game/pc/teenage-mutant-ninja-turtles-shredders-revenge/user-reviews
754,https://www.metacritic.com/game/pc/simcity-4/user-reviews
755,https://www.metacritic.com/game/pc/age-of-mythology-the-titans/user-reviews
756,https://www.metacritic.com/game/pc/motogp-2/user-reviews
757,https://www.metacritic.com/game/pc/microsoft-train-simulator/user-reviews
758,https://www.metacritic.com/game/pc/magic-the-gathering-arena/user-reviews
759,https://www.metacritic.com/game/pc/gordian-quest/user-reviews
760,https://www.metacritic.com/game/pc/lair-of-the-clockwork-god/user-reviews
761,https://www.metacritic.com/game/pc/tales-of-arise/user-reviews
762,https://www.metacritic.com/game/pc/fuga-melodies-of-steel/user-reviews
763,https://www.metacritic.com/game/pc/elechead/user-reviews
764,https://www.metacritic.com/game/pc/final-fantasy-ix/user-reviews
765,https://www.metacritic.com/game/pc/black-mesa/user-reviews
766,https://www.metacritic.com/game/pc/rise-of-nations-rise-of-legends/user-reviews
767,https://www.metacritic.com/game/pc/toca-race-driver-3/user-reviews
768,https://www.metacritic.com/game/pc/ftl-faster-than-light/user-reviews
769,https://www.metacritic.com/game/pc/lost-judgment/user-reviews
770,https://www.metacritic.com/game/pc/guacamelee!-2/user-reviews
771,https://www.metacritic.com/game/pc/soma/user-reviews
772,https://www.metacritic.com/game/pc/defcon-everybody-dies/user-reviews
773,https://www.metacritic.com/game/pc/teleglitch/user-reviews
774,https://www.metacritic.com/game/pc/tom-clancys-the-division-2/user-reviews
775,https://www.metacritic.com/game/pc/tron-20/user-reviews
776,https://www.metacritic.com/game/pc/nier-automata/user-reviews
777,https://www.metacritic.com/game/pc/salt-and-sanctuary/user-reviews
778,https://www.metacritic.com/game/pc/brothers-in-arms-earned-in-blood/user-reviews
779,https://www.metacritic.com/game/pc/wylde-flowers/user-reviews
780,https://www.metacritic.com/game/pc/total-war-shogun-2---rise-of-the-samurai/user-reviews
781,https://www.metacritic.com/game/pc/the-darkside-detective-a-fumble-in-the-dark/user-reviews
782,https://www.metacritic.com/game/pc/backfirewall_/user-reviews
783,https://www.metacritic.com/game/pc/nioh-complete-edition/user-reviews
784,https://www.metacritic.com/game/pc/prodeus/user-reviews
785,https://www.metacritic.com/game/pc/icey/user-reviews
786,https://www.metacritic.com/game/pc/grim-fandango-remastered/user-reviews
787,https://www.metacritic.com/game/pc/age-of-empires-ii-definitive-edition/user-reviews
788,https://www.metacritic.com/game/pc/spiritfarer/user-reviews
789,https://www.metacritic.com/game/pc/thimbleweed-park/user-reviews
790,https://www.metacritic.com/game/pc/the-lord-of-the-rings-the-battle-for-middle-earth-ii/user-reviews
791,https://www.metacritic.com/game/pc/sam-max-beyond-time-and-space-remastered/user-reviews
792,https://www.metacritic.com/game/pc/sonic-mania/user-reviews
793,https://www.metacritic.com/game/pc/battlefield-vietnam/user-reviews
794,https://www.metacritic.com/game/pc/medieval-total-war---viking-invasion/user-reviews
795,https://www.metacritic.com/game/pc/fallout-4/user-reviews
796,https://www.metacritic.com/game/pc/guild-wars-nightfall/user-reviews
797,https://www.metacritic.com/game/pc/control-ultimate-edition/user-reviews
798,https://www.metacritic.com/game/pc/patricks-parabox/user-reviews
799,https://www.metacritic.com/game/pc/neverawake/user-reviews
800,https://www.metacritic.com/game/pc/enemy-territory-quake-wars/user-reviews
801,https://www.metacritic.com/game/pc/the-binding-of-isaac/user-reviews
802,https://www.metacritic.com/game/pc/fifa-17/user-reviews
803,https://www.metacritic.com/game/pc/trine-2/user-reviews
804,https://www.metacritic.com/game/pc/rift-2011/user-reviews
805,https://www.metacritic.com/game/pc/telling-lies/user-reviews
806,https://www.metacritic.com/game/pc/project-cars-2/user-reviews
807,https://www.metacritic.com/game/pc/this-way-madness-lies/user-reviews
808,https://www.metacritic.com/game/pc/the-wolf-among-us-episode-5---cry-wolf/user-reviews
809,https://www.metacritic.com/game/pc/shift-2-unleashed/user-reviews
810,https://www.metacritic.com/game/pc/the-end-is-nigh/user-reviews
811,https://www.metacritic.com/game/pc/sid-meiers-civilization-iv-warlords/user-reviews
812,https://www.metacritic.com/game/pc/poseidon/user-reviews
813,https://www.metacritic.com/game/pc/astalon-tears-of-the-earth/user-reviews
814,https://www.metacritic.com/game/pc/speedrunners/user-reviews
815,https://www.metacritic.com/game/pc/master-of-orion-ii-battle-at-antares/user-reviews
816,https://www.metacritic.com/game/pc/battlefield-1942-the-road-to-rome/user-reviews
817,https://www.metacritic.com/game/pc/reigns-game-of-thrones/user-reviews
818,https://www.metacritic.com/game/pc/might-magic-duel-of-champions/user-reviews
819,https://www.metacritic.com/game/pc/unsighted/user-reviews
820,https://www.metacritic.com/game/pc/triangle-strategy/user-reviews
821,https://www.metacritic.com/game/pc/gris/user-reviews
822,https://www.metacritic.com/game/pc/shovel-knight-king-of-cards/user-reviews
823,https://www.metacritic.com/game/pc/total-war-warhammer-ii---the-silence-the-fury/user-reviews
824,https://www.metacritic.com/game/pc/f1-2010/user-reviews
825,https://www.metacritic.com/game/pc/assassins-creed-origins/user-reviews
826,https://www.metacritic.com/game/pc/shatter-2009/user-reviews
827,https://www.metacritic.com/game/pc/darwinia/user-reviews
828,https://www.metacritic.com/game/pc/unpacking/user-reviews
829,https://www.metacritic.com/game/pc/ultimate-general-gettysburg/user-reviews
830,https://www.metacritic.com/game/pc/yokus-island-express/user-reviews
831,https://www.metacritic.com/game/pc/borderlands-the-zombie-island-of-dr-ned/user-reviews
832,https://www.metacritic.com/game/pc/dark-souls-remastered/user-reviews
833,https://www.metacritic.com/game/pc/kingdom-hearts-iii-+-re-mind/user-reviews
834,https://www.metacritic.com/game/pc/genshin-impact/user-reviews
835,https://www.metacritic.com/game/pc/final-fantasy-xi-treasures-of-aht-urhgan/user-reviews
836,https://www.metacritic.com/game/pc/two-point-hospital/user-reviews
837,https://www.metacritic.com/game/pc/superhot-vr/user-reviews
838,https://www.metacritic.com/game/pc/grim-dawn/user-reviews
839,https://www.metacritic.com/game/pc/mdk2/user-reviews
840,https://www.metacritic.com/game/pc/final-fantasy-xii-the-zodiac-age/user-reviews
841,https://www.metacritic.com/game/pc/mount-blade-warband---napoleonic-wars/user-reviews
842,https://www.metacritic.com/game/pc/gunpoint/user-reviews
843,https://www.metacritic.com/game/pc/detention/user-reviews
844,https://www.metacritic.com/game/pc/bloodstained-ritual-of-the-night/user-reviews
845,https://www.metacritic.com/game/pc/beyond-good-evil/user-reviews
846,https://www.metacritic.com/game/pc/mr-robot/user-reviews
847,https://www.metacritic.com/game/pc/everhood/user-reviews
848,https://www.metacritic.com/game/pc/anno-2070/user-reviews
849,https://www.metacritic.com/game/pc/smite/user-reviews
850,https://www.metacritic.com/game/pc/life-is-strange-2-episode-5---wolves/user-reviews
851,https://www.metacritic.com/game/pc/halo-combat-evolved/user-reviews
852,https://www.metacritic.com/game/pc/final-fantasy-iv-pixel-remaster/user-reviews
853,https://www.metacritic.com/game/pc/valkyria-chronicles-4/user-reviews
854,https://www.metacritic.com/game/pc/monolith-2017/user-reviews
855,https://www.metacritic.com/game/pc/galactic-civilizations-iii-intrigue/user-reviews
856,https://www.metacritic.com/game/pc/final-fantasy-x-x-2-hd-remaster/user-reviews
857,https://www.metacritic.com/game/pc/clannad/user-reviews
858,https://www.metacritic.com/game/pc/guild-wars-2-path-of-fire/user-reviews
859,https://www.metacritic.com/game/pc/i-expect-you-to-die-2-the-spy-and-the-liar/user-reviews
860,https://www.metacritic.com/game/pc/hellblade-senuas-sacrifice/user-reviews
861,https://www.metacritic.com/game/pc/silent-storm/user-reviews
862,https://www.metacritic.com/game/pc/everquest-the-shadows-of-luclin/user-reviews
863,https://www.metacritic.com/game/pc/xtreme-air-racing/user-reviews
864,https://www.metacritic.com/game/pc/command-conquer-generals---zero-hour/user-reviews
865,https://www.metacritic.com/game/pc/crash-bandicoot-4-its-about-time/user-reviews
866,https://www.metacritic.com/game/pc/homeworld-2/user-reviews
867,https://www.metacritic.com/game/pc/galactic-civilizations/user-reviews
868,https://www.metacritic.com/game/pc/orcs-must-die!/user-reviews
869,https://www.metacritic.com/game/pc/life-is-strange/user-reviews
870,https://www.metacritic.com/game/pc/fable-the-lost-chapters/user-reviews
871,https://www.metacritic.com/game/pc/kena-bridge-of-spirits/user-reviews
872,https://www.metacritic.com/game/pc/what-the-golf/user-reviews
873,https://www.metacritic.com/game/pc/papetura/user-reviews
874,https://www.metacritic.com/game/pc/four-last-things/user-reviews
875,https://www.metacritic.com/game/pc/call-of-duty-black-ops-4/user-reviews
876,https://www.metacritic.com/game/pc/hogwarts-legacy/user-reviews
877,https://www.metacritic.com/game/pc/deus-ex-mankind-divided/user-reviews
878,https://www.metacritic.com/game/pc/bleed-2/user-reviews
879,https://www.metacritic.com/game/pc/parkitect/user-reviews
880,https://www.metacritic.com/game/pc/unreal-tournament-iii/user-reviews
881,https://www.metacritic.com/game/pc/this-war-of-mine/user-reviews
882,https://www.metacritic.com/game/pc/strange-horticulture/user-reviews
883,https://www.metacritic.com/game/pc/devil-daggers/user-reviews
884,https://www.metacritic.com/game/pc/dont-starve-together/user-reviews
885,https://www.metacritic.com/game/pc/the-elder-scrolls-online-summerset/user-reviews
886,https://www.metacritic.com/game/pc/the-lord-of-the-rings-online-siege-of-mirkwood/user-reviews
887,https://www.metacritic.com/game/pc/two-point-campus/user-reviews
888,https://www.metacritic.com/game/pc/the-blackwell-epiphany/user-reviews
889,https://www.metacritic.com/game/pc/one-finger-death-punch-2/user-reviews
890,https://www.metacritic.com/game/pc/out-of-the-park-baseball-10/user-reviews
891,https://www.metacritic.com/game/pc/frozen-synapse-prime/user-reviews
892,https://www.metacritic.com/game/pc/tomb-raider-anniversary/user-reviews
893,https://www.metacritic.com/game/pc/muv-luv-alternative/user-reviews
894,https://www.metacritic.com/game/pc/the-forest-2014/user-reviews
895,https://www.metacritic.com/game/pc/need-for-speed-shift/user-reviews
896,https://www.metacritic.com/game/pc/hearts-of-iron-ii/user-reviews
897,https://www.metacritic.com/game/pc/danganronpa-2-goodbye-despair/user-reviews
898,https://www.metacritic.com/game/pc/fifa-soccer-11/user-reviews
899,https://www.metacritic.com/game/pc/project-cars/user-reviews
900,https://www.metacritic.com/game/pc/hitman---episode-6-hokkaido/user-reviews
901,https://www.metacritic.com/game/pc/riven-the-sequel-to-myst/user-reviews
902,https://www.metacritic.com/game/pc/total-war-warhammer-ii---curse-of-the-vampire-coast/user-reviews
903,https://www.metacritic.com/game/pc/fifa-soccer-2003/user-reviews
904,https://www.metacritic.com/game/pc/age-of-empires/user-reviews
905,https://www.metacritic.com/game/pc/icewind-dale-ii/user-reviews
906,https://www.metacritic.com/game/pc/wings-of-power-wwii-heavy-bombers-and-jets/user-reviews
907,https://www.metacritic.com/game/pc/everquest-ii-echoes-of-faydwer/user-reviews
908,https://www.metacritic.com/game/pc/naked-war/user-reviews
909,https://www.metacritic.com/game/pc/observer-system-redux/user-reviews
910,https://www.metacritic.com/game/pc/everquest-ii/user-reviews
911,https://www.metacritic.com/game/pc/terraria/user-reviews
912,https://www.metacritic.com/game/pc/little-nightmares-ii/user-reviews
913,https://www.metacritic.com/game/pc/destiny-2/user-reviews
914,https://www.metacritic.com/game/pc/final-fantasy-xiv-online-a-realm-reborn/user-reviews
915,https://www.metacritic.com/game/pc/card-hunter-2013/user-reviews
916,https://www.metacritic.com/game/pc/sam-max-the-devils-playhouse---episode-2-the-tomb-of-sammun-mak/user-reviews
917,https://www.metacritic.com/game/pc/kathy-rain-directors-cut/user-reviews
918,https://www.metacritic.com/game/pc/the-elder-scrolls-v-skyrim---dragonborn/user-reviews
919,https://www.metacritic.com/game/pc/quern---undying-thoughts/user-reviews
920,https://www.metacritic.com/game/pc/terrorbane/user-reviews
921,https://www.metacritic.com/game/pc/paladins/user-reviews
922,https://www.metacritic.com/game/pc/ibb-obb/user-reviews
923,https://www.metacritic.com/game/pc/bravely-default-ii/user-reviews
924,https://www.metacritic.com/game/pc/combat-flight-simulator-2-wwii-pacific-theater/user-reviews
925,https://www.metacritic.com/game/pc/world-of-outlaws-sprint-cars/user-reviews
926,https://www.metacritic.com/game/pc/doom-ii/user-reviews
927,https://www.metacritic.com/game/pc/darksiders/user-reviews
928,https://www.metacritic.com/game/pc/darkmaus/user-reviews
929,https://www.metacritic.com/game/pc/sunset-overdrive/user-reviews
930,https://www.metacritic.com/game/pc/divide-by-sheep/user-reviews
931,https://www.metacritic.com/game/pc/the-kings-dilemma-chronicles/user-reviews
932,https://www.metacritic.com/game/pc/warriors-orochi-3-ultimate/user-reviews
933,https://www.metacritic.com/game/pc/colin-mcrae-rally-20/user-reviews
934,https://www.metacritic.com/game/pc/tales-from-space-mutant-blobs-attack/user-reviews
935,https://www.metacritic.com/game/pc/tom-clancys-rainbow-six-3-raven-shield/user-reviews
936,https://www.metacritic.com/game/pc/orcs-must-die!-2/user-reviews
937,https://www.metacritic.com/game/pc/hitman/user-reviews
938,https://www.metacritic.com/game/pc/prey-2006/user-reviews
939,https://www.metacritic.com/game/pc/betrayal-at-club-low/user-reviews
940,https://www.metacritic.com/game/pc/metal-gear-rising-revengeance/user-reviews
941,https://www.metacritic.com/game/pc/the-riftbreaker/user-reviews
942,https://www.metacritic.com/game/pc/age-of-conan-rise-of-the-godslayer/user-reviews
943,https://www.metacritic.com/game/pc/starseed-pilgrim/user-reviews
944,https://www.metacritic.com/game/pc/alan-wake/user-reviews
945,https://www.metacritic.com/game/pc/tiger-woods-pga-tour-2002/user-reviews
946,https://www.metacritic.com/game/pc/monaco-whats-yours-is-mine/user-reviews
947,https://www.metacritic.com/game/pc/trials-rising/user-reviews
948,https://www.metacritic.com/game/pc/transistor/user-reviews
949,https://www.metacritic.com/game/pc/yakuza-like-a-dragon/user-reviews
950,https://www.metacritic.com/game/pc/grounded/user-reviews
951,https://www.metacritic.com/game/pc/crisis-core-final-fantasy-vii-reunion/user-reviews
952,https://www.metacritic.com/game/pc/sunlight/user-reviews
953,https://www.metacritic.com/game/pc/super-mega-baseball-2/user-reviews
954,https://www.metacritic.com/game/pc/universe-sandbox/user-reviews
955,https://www.metacritic.com/game/pc/the-sexy-brutale/user-reviews
956,https://www.metacritic.com/game/pc/helldivers/user-reviews
957,https://www.metacritic.com/game/pc/worldwide-soccer-manager-2009/user-reviews
958,https://www.metacritic.com/game/pc/call-of-duty-world-at-war/user-reviews
959,https://www.metacritic.com/game/pc/torchlight/user-reviews
960,https://www.metacritic.com/game/pc/ape-out/user-reviews
961,https://www.metacritic.com/game/pc/crimson-skies/user-reviews
962,https://www.metacritic.com/game/pc/valdis-story-abyssal-city/user-reviews
963,https://www.metacritic.com/game/pc/fighter-ace-35/user-reviews
964,https://www.metacritic.com/game/pc/katana-zero/user-reviews
965,https://www.metacritic.com/game/pc/world-of-warcraft-shadowlands/user-reviews
966,https://www.metacritic.com/game/pc/race-07-official-wtcc-game/user-reviews
967,https://www.metacritic.com/game/pc/shadow-tactics-blades-of-the-shogun---aikos-choice/user-reviews
968,https://www.metacritic.com/game/pc/skullgirls/user-reviews
969,https://www.metacritic.com/game/pc/freedom-planet/user-reviews
970,https://www.metacritic.com/game/pc/the-great-ace-attorney-chronicles/user-reviews
971,https://www.metacritic.com/game/pc/everquest-ii-rise-of-kunark/user-reviews
972,https://www.metacritic.com/game/pc/dark-age-of-camelot-catacombs/user-reviews
973,https://www.metacritic.com/game/pc/puzzle-quest-2/user-reviews
974,https://www.metacritic.com/game/pc/atelier-sophie-2-the-alchemist-of-the-mysterious-dream/user-reviews
975,https://www.metacritic.com/game/pc/the-legend-of-heroes-trails-in-the-sky-the-3rd/user-reviews
976,https://www.metacritic.com/game/pc/subsurface-circular/user-reviews
977,https://www.metacritic.com/game/pc/abzu/user-reviews
978,https://www.metacritic.com/game/pc/the-messenger/user-reviews
979,https://www.metacritic.com/game/pc/pistol-whip/user-reviews
980,https://www.metacritic.com/game/pc/hypnospace-outlaw/user-reviews
981,https://www.metacritic.com/game/pc/cave-story-plus/user-reviews
982,https://www.metacritic.com/game/pc/colin-mcrae-rally-2005/user-reviews
983,https://www.metacritic.com/game/pc/spore-creature-creator/user-reviews
984,https://www.metacritic.com/game/pc/disc-room/user-reviews
985,https://www.metacritic.com/game/pc/tom-clancys-splinter-cell-conviction/user-reviews
986,https://www.metacritic.com/game/pc/tribes-vengeance/user-reviews
987,https://www.metacritic.com/game/pc/pathfinder-wrath-of-the-righteous/user-reviews
988,https://www.metacritic.com/game/pc/marvels-midnight-suns/user-reviews
989,https://www.metacritic.com/game/pc/la-noire-the-complete-edition/user-reviews
990,https://www.metacritic.com/game/pc/gtr-evolution/user-reviews
991,https://www.metacritic.com/game/pc/life-is-strange-episode-5---polarized/user-reviews
992,https://www.metacritic.com/game/pc/victoria-3/user-reviews
993,https://www.metacritic.com/game/pc/dragon-age-ii-mark-of-the-assassin/user-reviews
994,https://www.metacritic.com/game/pc/demeo/user-reviews
995,https://www.metacritic.com/game/pc/broforce/user-reviews
996,https://www.metacritic.com/game/pc/myst-iii-exile/user-reviews
997,https://www.metacritic.com/game/pc/euro-truck-simulator-2-vive-la-france!-add-on/user-reviews
998,https://www.metacritic.com/game/pc/pig-eat-ball/user-reviews
999,https://www.metacritic.com/game/pc/independence-war-2-edge-of-chaos/user-reviews
1000,https://www.metacritic.com/game/pc/superbrothers-sword-sworcery-ep/user-reviews
1001,https://www.metacritic.com/game/pc/sid-meiers-civilization-iv-colonization/user-reviews
1002,https://www.metacritic.com/game/pc/steel-division-normandy-44/user-reviews
1003,https://www.metacritic.com/game/pc/hearts-of-iron-iv/user-reviews
1004,https://www.metacritic.com/game/pc/tales-from-off-peak-city-vol-1/user-reviews
1005,https://www.metacritic.com/game/pc/europa-universalis-iii/user-reviews
1006,https://www.metacritic.com/game/pc/duskers/user-reviews
1007,https://www.metacritic.com/game/pc/f1-2011/user-reviews
1008,https://www.metacritic.com/game/pc/prince-of-persia-warrior-within/user-reviews
1009,https://www.metacritic.com/game/pc/door-kickers/user-reviews
1010,https://www.metacritic.com/game/pc/counter-strike-global-offensive/user-reviews
1011,https://www.metacritic.com/game/pc/resident-evil-7-biohazard/user-reviews
1012,https://www.metacritic.com/game/pc/resident-evil-village/user-reviews
1013,https://www.metacritic.com/game/pc/euro-truck-simulator-2-italia-add-on/user-reviews
1014,https://www.metacritic.com/game/pc/gunheart/user-reviews
1015,https://www.metacritic.com/game/pc/crusader-kings-iii-the-royal-court/user-reviews
1016,https://www.metacritic.com/game/pc/the-floor-is-jelly/user-reviews
1017,https://www.metacritic.com/game/pc/crown-trick/user-reviews
1018,https://www.metacritic.com/game/pc/the-wizards---dark-times/user-reviews
1019,https://www.metacritic.com/game/pc/metal-gear-solid/user-reviews
1020,https://www.metacritic.com/game/pc/floppy-knights/user-reviews
1021,https://www.metacritic.com/game/pc/terrian-saga-kr-17/user-reviews
1022,https://www.metacritic.com/game/pc/beacon-pines/user-reviews
1023,https://www.metacritic.com/game/pc/slayaway-camp/user-reviews
1024,https://www.metacritic.com/game/pc/synth-riders/user-reviews
1025,https://www.metacritic.com/game/pc/mechwarrior-4-mercenaries/user-reviews
1026,https://www.metacritic.com/game/pc/digimon-survive/user-reviews
1027,https://www.metacritic.com/game/pc/f1-2018/user-reviews
1028,https://www.metacritic.com/game/pc/stellaris-synthetic-dawn/user-reviews
1029,https://www.metacritic.com/game/pc/invisible-inc/user-reviews
1030,https://www.metacritic.com/game/pc/dark-souls-ii-crown-of-the-ivory-king/user-reviews
1031,https://www.metacritic.com/game/pc/stray/user-reviews
1032,https://www.metacritic.com/game/pc/red-faction-guerrilla/user-reviews
1033,https://www.metacritic.com/game/pc/command-conquer-remastered-collection/user-reviews
1034,https://www.metacritic.com/game/pc/the-book-of-unwritten-tales/user-reviews
1035,https://www.metacritic.com/game/pc/monster-boy-and-the-cursed-kingdom/user-reviews
1036,https://www.metacritic.com/game/pc/shadows-over-loathing/user-reviews
1037,https://www.metacritic.com/game/pc/duck-game/user-reviews
1038,https://www.metacritic.com/game/pc/capitalism-ii/user-reviews
1039,https://www.metacritic.com/game/pc/rally-trophy/user-reviews
1040,https://www.metacritic.com/game/pc/chivalry-2/user-reviews
1041,https://www.metacritic.com/game/pc/dark-souls-iii-the-ringed-city/user-reviews
1042,https://www.metacritic.com/game/pc/dawn-of-discovery/user-reviews
1043,https://www.metacritic.com/game/pc/hitman-2/user-reviews
1044,https://www.metacritic.com/game/pc/la-noire-the-vr-case-files/user-reviews
1045,https://www.metacritic.com/game/pc/city-of-villains/user-reviews
1046,https://www.metacritic.com/game/pc/the-banner-saga-2/user-reviews
1047,https://www.metacritic.com/game/pc/galactic-civilizations-ii-endless-universe/user-reviews
1048,https://www.metacritic.com/game/pc/realm-of-the-mad-god/user-reviews
1049,https://www.metacritic.com/game/pc/kaze-and-the-wild-masks/user-reviews
1050,https://www.metacritic.com/game/pc/kentucky-route-zero---act-ii/user-reviews
1051,https://www.metacritic.com/game/pc/hatsune-miku-project-diva-megamix+/user-reviews
1052,https://www.metacritic.com/game/pc/football-manager-2018/user-reviews
1053,https://www.metacritic.com/game/pc/tom-clancys-splinter-cell-blacklist/user-reviews
1054,https://www.metacritic.com/game/pc/not-for-broadcast/user-reviews
1055,https://www.metacritic.com/game/pc/sam-max-save-the-world-remastered/user-reviews
1056,https://www.metacritic.com/game/pc/superhot/user-reviews
1057,https://www.metacritic.com/game/pc/snowrunner/user-reviews
1058,https://www.metacritic.com/game/pc/yakuza-6-the-song-of-life/user-reviews
1059,https://www.metacritic.com/game/pc/act-of-war-direct-action/user-reviews
1060,https://www.metacritic.com/game/pc/tekken-7/user-reviews
1061,https://www.metacritic.com/game/pc/sokobond/user-reviews
1062,https://www.metacritic.com/game/pc/mortal-kombat-11/user-reviews
1063,https://www.metacritic.com/game/pc/a-plague-tale-requiem/user-reviews
1064,https://www.metacritic.com/game/pc/sam-max-episode-105-reality-20/user-reviews
1065,https://www.metacritic.com/game/pc/one-step-from-eden/user-reviews
1066,https://www.metacritic.com/game/pc/dangerous-waters/user-reviews
1067,https://www.metacritic.com/game/pc/bejeweled-3/user-reviews
1068,https://www.metacritic.com/game/pc/tomb-raider-legend/user-reviews
1069,https://www.metacritic.com/game/pc/asherons-call-2-fallen-kings/user-reviews
1070,https://www.metacritic.com/game/pc/yakuza-kiwami-2/user-reviews
1071,https://www.metacritic.com/game/pc/gemini-rue-verschworung-auf-barracus/user-reviews
1072,https://www.metacritic.com/game/pc/antichamber/user-reviews
1073,https://www.metacritic.com/game/pc/neverwinter-nights-2/user-reviews
1074,https://www.metacritic.com/game/pc/creature-in-the-well/user-reviews
1075,https://www.metacritic.com/game/pc/dragon-age-origins---awakening/user-reviews
1076,https://www.metacritic.com/game/pc/danganronpa-trigger-happy-havoc/user-reviews
1077,https://www.metacritic.com/game/pc/hearthstone-heroes-of-warcraft---blackrock-mountain/user-reviews
1078,https://www.metacritic.com/game/pc/rome-total-war-barbarian-invasion/user-reviews
1079,https://www.metacritic.com/game/pc/octogeddon/user-reviews
1080,https://www.metacritic.com/game/pc/eastward/user-reviews
1081,https://www.metacritic.com/game/pc/blackhole/user-reviews
1082,https://www.metacritic.com/game/pc/hacknet/user-reviews
1083,https://www.metacritic.com/game/pc/assassins-creed-valhalla/user-reviews
1084,https://www.metacritic.com/game/pc/tales-of-monkey-island-chapter-3-lair-of-the-leviathan/user-reviews
1085,https://www.metacritic.com/game/pc/gerda-a-flame-in-winter/user-reviews
1086,https://www.metacritic.com/game/pc/neverwinter-nights-2-mask-of-the-betrayer/user-reviews
1087,https://www.metacritic.com/game/pc/sins-of-a-solar-empire-rebellion/user-reviews
1088,https://www.metacritic.com/game/pc/warlords-battlecry-ii/user-reviews
1089,https://www.metacritic.com/game/pc/tom-clancys-ghost-recon-desert-siege/user-reviews
1090,https://www.metacritic.com/game/pc/age-of-wonders-shadow-magic/user-reviews
1091,https://www.metacritic.com/game/pc/nba-2k11/user-reviews
1092,https://www.metacritic.com/game/pc/broken-sword-the-sleeping-dragon/user-reviews
1093,https://www.metacritic.com/game/pc/football-manager-live/user-reviews
1094,https://www.metacritic.com/game/pc/marvel-ultimate-alliance/user-reviews
1095,https://www.metacritic.com/game/pc/metro-exodus/user-reviews
1096,https://www.metacritic.com/game/pc/the-talos-principle-road-to-gehenna/user-reviews
1097,https://www.metacritic.com/game/pc/lara-croft-and-the-guardian-of-light/user-reviews
1098,https://www.metacritic.com/game/pc/the-outer-worlds/user-reviews
1099,https://www.metacritic.com/game/pc/stellaris-utopia/user-reviews
1100,https://www.metacritic.com/game/pc/aquaria/user-reviews
