_id,count,username
9999568,128,[anonymous]
9999805,110,anonymousmc
9998831,89,iddqd4
9999244,76,gracjanski
9996672,58,titaniumdragon
9998869,57,golova
9998481,49,tomle1202
9999289,49,iseeall
9998738,49,wiebe
9994865,49,mandulum
9996050,47,ragingpoet
9998643,46,broyax
9999243,44,deusxcom
9998873,42,choicestgames
9999880,42,keefbaker
9999338,42,silverorlov
9999388,40,genek13
9999392,40,jaydenpickens
9999268,39,suneater
9998056,36,superkengaming
9998819,35,woolee
9998711,34,sinadoom
9994111,34,rodericrinehart
9999433,34,klewer
9995500,33,jimcorbett
9995452,33,bancandrei
9999175,30,lawgun
9999375,30,whitespider999
9998640,30,rzno157
9998642,29,cz3rw0ny
9997913,29,bloodnes
9993625,28,lifehistory
9998501,27,marick
9996513,27,curzon_dax
9998708,27,silenceisgolden
9995620,27,basem101
9998715,27,jonesr
9998465,26,babutto
9998827,26,uncleed
9996625,26,hoanns
9991250,26,aditya1101
9998867,26,aeryx
9995603,26,shkipermann
9994643,26,nitorita
9998475,26,captain_chaos
9997582,25,starkagentos
9996988,25,vasot
9993957,25,mahdiar
9999164,25,eraytellezi
9999428,25,astix
9998637,25,izoeros
9998858,24,kane148
9998485,24,basilzero
9996942,24,the_d4rkness
9991546,24,auditbadger
9985512,23,underpants158
9998026,23,kezzyhko
9994167,23,sepherim
9999814,22,mikew.
9983424,22,dco326
9994648,22,muzmuz
9995453,21,wrathzo
9998327,21,faceless-1
9998144,21,tubey
9998460,21,orctownorc
9998178,21,pmstz
9996500,20,alienspacebats
9998905,20,tubie
9991283,20,tsakiym
9996793,20,panica3643d
9999958,20,yaav13
9993951,20,everin
9992444,20,necrotaur
9998471,20,kotofon
9998593,19,theirrelephants
9999331,19,wweald
9998129,19,chesterfield
9988020,19,hsuke
9992277,19,sh4dow
9999326,19,vigilanteoito
9998295,18,fuzz
9990342,18,michaelb1928
9999394,18,matseb2611
9998352,18,ffstudios
9999798,18,whatever523
9994117,18,panmrkvicka
9996668,18,jt0429
9998818,18,esthete
9989219,18,sholva
9988899,18,djkrimson
9990349,17,dandalis
9998898,17,the_ommadawn
9997240,17,chimp
9996170,17,shimmeywill
9988580,17,avadon
9996449,17,dalek
9998718,17,grandpajoe6191
9998833,17,kirase
9998018,17,gloriouspotato
9997287,17,mugsy
9997901,17,jelikey
9998002,17,soullex
9993660,17,ns0l
9999720,17,chris_192
9996142,17,budget_security
9995917,17,torgall
9999580,17,jwt7000
9998272,16,hackensack
9991016,16,elefsar
9996509,16,dubeau
9994083,16,oshiri_maeda
9999539,16,andrewg.
9989652,16,shatarah
9998571,16,kai82
9995593,16,storygamer
9998621,16,samf.
9996598,16,bulgariancritic
9990387,16,zer0theher0
9996532,16,violett
9994737,16,vova22379
9999452,16,snowshreder
9994125,16,smilzoboboz
9999178,16,jonsgone
9996761,15,ydun79
9999282,15,kaiekkrin
9999866,15,jjohn1
9999587,15,davenbettridge
9991609,15,ansatsu83
9994703,15,seryin
9996533,15,ananisapta
9999755,15,sn1p3ralex
9994733,15,psylife
9996370,15,marc5477
9997371,15,sjalka
9998734,15,diegochocho
9996620,15,frist_008
9988491,15,crackfarmer
9989828,15,tomaslacerda
9998050,15,joewashere
9989641,15,thegameisalie
9998655,15,steeldude
9998779,15,roboticsun
9999972,15,jack0980988098
9994305,15,bskierys
9982974,15,basic123
9997235,15,chrisb.
9999089,15,s3xu4lh34l1ng
9997325,15,4y4
9999429,14,sft
9992650,14,voyou
9998865,14,toffenuff
9996048,14,danil_shtangeev
9984862,14,chapa9dj
9997857,14,ultraviper
9985163,14,philzlz
9994725,14,amorph0us
9998854,14,wordy_actions
9999636,14,joeb.
9990844,14,profamateur
9998021,14,thewaffle
9999917,14,rezo_21
9987950,14,charlyplayman
9995299,14,claytality
9990331,14,crimert
9991168,14,hileger
9998216,14,kunray
9985384,13,archound
9995732,13,reubenisagod
9992237,13,allnewsuperfake
9975782,13,arislaf
9994148,13,goodmorningass
9997932,13,thecriticgod
9990812,13,tufekciero
9985847,13,r03vg
9997996,13,ylnylmn
9997569,13,completeidiot
9999939,13,socokid
9998053,13,night4
9995341,13,somedude14
9999246,13,rox22
9998591,13,carlosgtardon
9999090,13,renaigse
9994717,13,sinmaker
9996338,13,drlowdon
9998737,13,comandantecobra
9996666,13,fkh
9996798,13,xdavidx
9994171,13,maxmiliankohler
9999405,12,mikem.
9983639,12,jcasetnl
9998060,12,skulb
9996791,12,aralath
9996469,12,matthieur.
9999677,12,scottd.
9995920,12,gorbunov2004
9992284,12,brosman
9996246,12,xzippy
9999538,12,matth.
9997930,12,millersweeb
9999963,12,deadheadbill
9992860,12,billick
9999171,12,mazma
9998750,12,osmium
9998903,12,dethstar
9990481,12,dr-kenobi
9999699,12,bobbob
9998519,12,kndr
9999342,12,greenbey
9999109,12,shin777
9996055,12,szutyok47
9994689,12,madclownjack
9996610,12,baldursthones
9999337,12,vg_alex
9996512,12,skohl
9997251,12,chrism.
9999896,12,benf
9994998,12,lastresource
9990557,12,axilley
9992219,12,gameking
9997285,12,spartan-117
9993184,12,eva3si0n
9990315,12,kimi1775
9999396,12,davidm.
9999023,12,theshonen8899
9997128,12,mattb.
9999504,12,johnb.
9998343,12,chronot
9991173,12,edxtan
9996109,12,johns.
9999646,12,mobius
9998773,12,highwayuk
9999680,12,chriss.
9996405,12,tata
9999333,12,elolugo
9999094,12,thehambro
9989172,12,anggadaz
9996028,11,simonb.
9995107,11,lucif3r
9996146,11,johnd.
9999888,11,drcola
9992287,11,mckw
9990614,11,tech-noir
9994842,11,twoears
9989506,11,decadereviews
9996994,11,kozzy420
9999398,11,amikes.
9999297,11,themitherer
9993242,11,hwanin
9995779,11,thepcgamer101
9994680,11,coeco
9998467,11,sebastianali
9998423,11,nataraja
9994122,11,dyspeptic
9999889,11,roeyl
9991048,11,chrisc.
9995333,11,oliver1h
9991248,11,brumbek
9996602,11,dubesor
9995645,11,petrkozak13
9996799,11,namda65
9997331,11,itsapaul
9999155,11,trix122
9999862,11,jacob4
9997070,11,pomornik
9997725,11,21grams
9998556,11,gratson
9996641,11,azgoodaz
9996920,11,fallconex
9995852,11,destinyfan1
9990877,11,publicnuisance
9997912,11,crimsonking58
9999797,11,hyperbeastf
9994366,11,dantheman
9996779,11,russiangamer
9992783,11,staticspine
9992149,11,gvb
9984802,11,tarekmallo
9992267,11,tashy497
9996014,11,nepen1he
9996842,10,bitburn
9994187,10,templargr
9999861,10,heisenberg93
9992623,10,type4101
9982885,10,tenchuukhan
9990805,10,chowjust
9999703,10,fishersam
9997810,10,okamimiyazaki
9987649,10,eldumloido
9999191,10,prometheus1241
9994723,10,fake_nikpap
9999544,10,markt.
9999943,10,notchedbandit
9987614,10,aecsuter
9998187,10,gandalfczarny
9999201,10,smilingcookie
9989648,10,kelvinsanchez15
9987252,10,elgringo
9977848,10,gnawer
9995925,10,cezar88augusto
9995910,10,hyrts
9999168,10,pawq
9998015,10,raorian
9998038,10,tsukasahiiragi
9985974,10,nurfedx
9995626,10,dgdrocks7
9987061,10,overvulture
9990018,10,kch3691
9999908,10,hughmbehavior
9997938,10,watersson
9994907,10,kluge
9996758,10,nintendo-sekta
9998504,10,kaprawiec
9989181,10,zneversleeping
9998314,10,nightgeisha
9991011,10,chumagg
9991235,10,lach1223
9991514,10,switswat
9998679,10,wrexmer
9993075,10,eliaso.
9993426,10,i_am_turok
9999571,10,premiumr98
9993304,10,jim109109
9997595,10,llamayarmybar
9996167,10,khazar2
9995933,10,matiktheseventh
9976736,10,luigichief
9998730,10,elcucuy
9999790,10,mgastryker
9990001,10,keskin
9995068,10,arostislavna
9994650,10,ohic
9995692,10,sirik_matak
9999441,10,lucidanarchy
9997712,10,sscott0829tw
9999233,10,johnr
9985238,10,srknz
9997548,10,vectis99
9999638,10,mikester7
9985549,10,sebbobastian
9991024,10,nilsy
9987399,10,p1menta
9996822,10,mr-nachomen
9999030,10,yogibbear
9985754,10,kuehnau
9999445,10,tampjackoon
9999261,10,fateappointed
9992670,10,eupolemos
9999848,9,vicente_ao
9999652,9,michaelt.
9998036,9,princessrose
9994634,9,metacriticfan
9995247,9,gamereviews
9991052,9,mykwon
9985535,9,fogcityroller
9999086,9,kinsang
9999675,9,chrisk.
9989692,9,vanco
9990169,9,grihajedy
9999575,9,overrwatcher
9998663,9,horrux
9993105,9,michaelm.
9995260,9,kurtz
9991198,9,mugen_is_here
9995927,9,erdogfu96
9979541,9,dumle
9993230,9,baltifru
9998469,9,voditelnlo
9987939,9,spencerplewe
9996082,9,frederik1478
9999602,9,michaelr.
9996900,9,thebasicreviews
9999659,9,dave
9984965,9,kamamura
9999288,9,jaz
9998669,9,luka1998010
9976230,9,nickolababaiko
9991488,9,evgenilinuxuser
9989086,9,m_alex
9999951,9,jasontracey
9999160,9,nfs7379
9992369,9,steyraus
9999078,9,panchamiguela
9994610,9,birdman3
9998487,9,tomg.
9998631,9,mafiaguy
9984848,9,hit925
9997062,9,syrik
9983588,9,stop9091
9990646,9,bigsilverhotdog
9999884,9,temps
9999574,9,eyezix
9989013,9,mehrshad_mb
9998410,9,mystril
9986975,9,george_bondo
9995290,9,kolesadlerov
9998548,9,insanity82007
9983426,9,rmdsilva
9994482,9,eded9999
9999287,9,blackwidow
9990325,9,relkad
9998082,9,b00tador
9983433,9,zeneko90
9999461,9,mendozacheers
9998466,9,nightelves
9999454,9,vahn
9997277,9,supachigga
9990125,9,genuineopinion
9996250,9,cubixreviews
9993688,9,humboldt1337
9984340,9,mrnice
9990382,9,dypsomaniart
9981921,9,zapaal
9996792,9,cenkalp
9994023,9,topoide
9989488,9,bestreviews2020
9993714,9,realmuthaf
9991872,8,smijatov
9998950,8,slothosaurus
9990401,8,potitoman
9998483,8,mrman7
9996230,8,codefreeze
9999577,8,adamr.
9990271,8,gyrate
9990813,8,tommydlbass
9996712,8,soujirop
9993157,8,rustyjames
9996060,8,lonewolfsones
9995478,8,termin8ter
9992468,8,solaris123
9993324,8,not_good
9991218,8,eternalsnows
9992643,8,frostormnidhegg
9991519,8,fartheststar
9994764,8,jangers
9996235,8,carnivorcactae
9985516,8,mister_jey
9990079,8,musaddict
9999611,8,tomp.
9993685,8,zen-zinxe
9998551,8,speed4runs
9998453,8,subterra
9985924,8,nekellor_met
9993674,8,othrandur
9993412,8,demon2017
9990875,8,agurczuk
9993421,8,joshxdr
9998638,8,karlsefniy
9994406,8,arestotele
9990164,8,metacriticonur
9992495,8,jimbobslimbob
9999295,8,philipd.
9997838,8,chrisp.
9994872,8,veska
9984826,8,badrain
9997335,8,pappybakescakes
9991010,8,firstspawn
9989633,8,tobivv
9977939,8,andrudis
9991654,8,buzer
9998000,8,geralt123
9998140,8,kyriores
9997329,8,sean-m
9994352,8,driver_helsinki
9999741,8,ireviewthings1
9995043,8,mogul
9993885,8,drakenseng
9999743,8,unclepaulie
9992812,8,frast
9999523,8,patrickshelley
9980884,8,leo_manzano
9998076,8,dicktracy
9997360,8,adrenilinmatt
9991255,8,athanasiost
9991946,8,maxiezeus
9998194,8,deaden
9988735,8,lt_gruber
9983848,8,idlespace
9998012,8,passionne
9986379,8,malcolmm
9999761,8,jb0nez
9994477,8,gabriot
9985540,8,mijxero
9997295,8,johnh.
9999530,8,davidk.
9998765,8,e_x_p
9999211,8,shodan
9997630,8,marks.
9992658,8,jerrypatel_07
9999436,8,shadow15991
9993289,8,dklingen
9990860,8,dinisa
9999647,8,scritty
9987176,8,chevmech
9996402,8,chubac
9998502,8,donmega
9994869,8,limitededition
9984689,8,vidyabum
9999286,8,zarniwooop
9985731,8,roguev
9974788,8,tdebug
9992694,8,jlk88
9999693,8,richardb.
9998285,8,la_dottore
9988837,8,greglobstery
9992484,8,onevoice
9999944,8,marciocavalcant
9998595,8,discord
9998573,8,davidb.
9985717,8,johnmalcolm
9995760,8,certate0
9994823,8,krzych
9991976,8,jackie_jackson
9998154,8,dinobeam
9990266,7,ghostrider
9989611,7,bar0yka
9999190,7,ita_jm
9999110,7,ratingss
9999526,7,seanl.
9995322,7,strikerfin
9970650,7,kenmei
9997479,7,aceascendus
9997805,7,crl
9998462,7,ramboromulous
9992754,7,danysk
9974447,7,srpepe
9994632,7,darkcerb
9998071,7,thothistox
9998735,7,gor1945
9984287,7,kevlooney
9987002,7,antohadance
9984823,7,skeith
9995725,7,demonicangel
9998763,7,wulfburk
9980801,7,masterx1234
9994123,7,eglin
9998525,7,prossnip42
9999271,7,tarkin
9993232,7,give_em_hell
9985676,7,bergcamp101
9993550,7,jamess.
9988597,7,onlyclassicvg1
9995948,7,crimsondoor
9994708,7,donldtrump_45th
9993280,7,jonathans.
9977039,7,bitek
9993390,7,kyle_katarn92
9995225,7,fredb.
9999569,7,jesseb.
9994163,7,3t3rnal
9995642,7,karld.
9984915,7,f3t1w
9992787,7,miked007
9997265,7,joes.
9996506,7,darkfireumad
9995617,7,styke
9980105,7,templar19
9996453,7,inkblowout
9975568,7,kckkryptonite
9996205,7,benh.
9996045,7,tilt1k
9993624,7,ooa007
9992251,7,meediocre
9988835,7,churros
9999513,7,mattm.
9999345,7,hannibaal
9986527,7,muldjord
9993464,7,dlcatalin
9992456,7,godenp.
9993266,7,shawnh.
9984837,7,aakn
9984221,7,tremault
9998218,7,rdonnell
9991002,7,hoviadko123
9987673,7,bosnian
9996661,7,vgmkyle
9989678,7,rrichard
9995058,7,jamesb.
9999999,7,name
9999515,7,rubenc.
9987544,7,kittywhisky
9984485,7,clarky
9995850,7,nickh.
9998674,7,pepelinojosefo
9989002,7,kujin
9998641,7,alexeysoltan
9995329,7,mjwilliams84
9993269,7,andrewe.
9991203,7,garryryder
9992876,7,slippery
9993403,7,clem666
9999898,7,duderoth
9985846,7,srcre
9999803,7,adamm.
9994730,7,gautamkumar633
9998040,7,dokkodo
9989655,7,pongkrit03
9997744,7,nerevarinho
9997878,7,refdxf
9980805,7,vonseux
9998570,7,gurmpycoolcat
9999806,7,davidl
9995223,7,fikthenig
9992258,7,old_skewl_gamer
9991247,7,cidgrad01
9980223,7,apeot2002
9997279,7,mike_morhaime
9998079,7,evil_ujin
9998316,7,vamrem
9979985,7,moofiabossval
9999609,7,philt.
9993372,7,emuchicken
9992500,7,jseph1234
9990329,7,imr707
9999909,7,meatgrinder
9995472,7,mastrocicuta
9994743,7,adhgo
9998240,7,jackplack
9997368,7,honestcritic198
9994029,7,boeph
9996670,7,parallax_84
9999519,7,chrish.
9996042,7,zetmoriz_
9978143,7,chosenundead99
9990831,7,oberiouslocke
9990412,7,ekaton
9997859,7,jamesh.
9999553,7,willb.
9999870,7,michmart
9990265,7,tridus
9999354,7,juanluisgg14
9989583,7,khildram
9979762,7,faircritic
9981676,7,xelluse
9998877,7,tonyb.
9983651,7,masterhummel
9979841,7,miskin
9999266,7,valentino
9989510,7,uarabei
9987574,7,ordish
9990899,7,did-
9994839,7,gohenko
9995529,7,j4mesox4d
9997210,7,appabend
9997430,7,alexandrrosca
9994181,7,zombiechan
9991505,7,markwhitton
9985108,7,bushido95
9996632,7,moonlaba
9999138,7,mene0
9993520,7,c3p
9997289,7,pokrishka
9982068,6,delaware80
9998279,6,etayorius
9994625,6,brocksamson
9999182,6,gregnator
9993363,6,colbya.
9994628,6,daveyy12
9997638,6,lone_wolf_sones
9992551,6,seanb.
9997727,6,21-5-73
9997416,6,t-opel
9996311,6,jeremyc.
9999926,6,sex69
9999872,6,raven9337
9998609,6,yeshuaagapao
9998538,6,jonathanm.
9997876,6,island
9998709,6,adyneghina
9998801,6,justinr.
9999691,6,tonym.
9982504,6,rolento
9999508,6,brandonl.
9991175,6,mizuiro
9989616,6,glic2003
9999637,6,stevem.
9997973,6,xextreem
9987372,6,mikel.
9989024,6,mithrandirkun
9999957,6,bogdannn
9998710,6,lutteres
9992928,6,nekrips
9998611,6,femmefatal
9986637,6,mikefromangus
9985398,6,nastyjes
9994444,6,danielb.
9988037,6,naedeslus
9992104,6,andrew_paterson
9997719,6,marcantoineg
9998596,6,ian277
9975916,6,shiarch
9999801,6,lukem.
9994153,6,chempion1
9992851,6,hassenpheffer
9997837,6,davidl.
9982919,6,reckless39
9986458,6,nadblaster
9990003,6,melgacius
9995494,6,orctown-troll
9982982,6,kinimodyunmi
9997990,6,seriousboris
9998733,6,coregamer1408
9998981,6,cmoyano
9998137,6,wolfie1987
9989599,6,spassbremse
9987941,6,pimplup
9978890,6,mrislamic
9991236,6,jay_pickens
9985896,6,kentmosabe
9996685,6,hardkot
9996399,6,robertb.
9997593,6,bongo_clive
9996754,6,tomicsavo
9991998,6,panterahouse
9988680,6,kanazawa
9999592,6,marqpas
9990842,6,garfoodle
9996903,6,teratoma666
9974266,6,dreamdays
9999653,6,mikec.
9998754,6,stranglehold
9994817,6,ming120
9998675,6,fhouse
9988556,6,jenne
9998138,6,genezi
9984045,6,kosheus
9991576,6,johnc
9999800,6,jonw.
9994201,6,kaniya
9996104,6,darkmark
9985746,6,thenoobpolice
9999702,6,jamesrodger0
9999316,6,garygreen
9998251,6,teleman
9998063,6,sbiritou
9994664,6,akarnokd
9998918,6,johnman
9996586,6,kostas101
9993296,6,voiders
9994190,6,bortx
9987378,6,cowardlydog
9995821,6,thegamer31
9999832,6,captain_faramir
9981645,6,lhmtgame
9966034,6,zyllus
9991225,6,dajhorn
9998041,6,gamed2long
9994326,6,zoso
9989046,6,efesys
9988759,6,gamer147
9996178,6,ztride
9993897,6,izzo
9997883,6,civforbrains
9977446,6,garybaldo
9996127,6,j.s.
9998320,6,captainthom
9999816,6,sebastianf.
9996707,6,lnowakowski
9992642,6,phdikoulas
9996516,6,inuyasha17
9989369,6,dariune
9989529,6,m.alex
9996455,6,tupungato
9997782,6,riley794
9996667,6,sergeiz
9985662,6,fyxhcl
9995625,6,delta_assault
9985501,6,winterspark
9999502,6,lukaszrudnicki
9990024,6,sandweech
9993061,6,jonb.
9999293,6,sj_pl
9985574,6,scienceadvisor
9995808,6,thelagbringer
9996609,6,gazownik
9995867,6,chrisn.
9997884,6,actinium
9995469,6,rainxh11
9979926,6,daftshadow
9990290,6,dionissos
9999642,6,johns
9998770,6,laxleonidas
9996295,6,johnj.
9996868,6,ade_the_rare
9995690,6,gstiker5
9994385,6,stevel.
9997539,6,dozmo
9990572,6,kdep
9971626,6,mustisthecat
9986251,6,mikimax
9990972,6,dusty_hayes
9998644,6,tagirix
9988122,6,benzost
9999964,6,idiota150
9990365,6,liongrand
9994303,6,amsheagar
9990011,6,ritardedartkid
9996401,6,blaket.
9978049,6,d3d11
9997885,6,deyvsoncaliman
9995671,6,sherbz
9998489,6,williamt.
9999368,6,rangergxi
9995924,6,nexus151196
9994747,6,pictopirate
9994019,6,gliphy
9958980,6,nhatt.
9995059,6,chrisw.
9988560,6,rtheom
9999960,6,jp78
9974928,6,levelsandgear
9994870,6,ragnarokew
9998016,6,sanastusa
9999554,6,bryank.
9998739,6,nuker
9995930,6,bercegampu
9997992,6,jcgames
9999688,6,bobs.
9996576,6,gohax
9996649,6,crazymurdock
9973707,6,lironesalviento
9996139,6,dominikcze
9998049,6,tornanx
9998824,6,solveetcoagula
9992514,6,patricks.
9997702,6,harmattan
9995788,6,picklebrain0
9993712,6,frenetik
9993877,6,runner
9977981,6,bokarsh-z
9997851,6,richards.
9995293,6,bsthebobi
9996801,6,xanifur
9982826,6,caligula_king
9992323,6,sayedstafa
9998395,6,captiosus
9997090,6,willkill
9991423,6,larux18
9990257,6,dprkforum
9996590,6,lizarino
9994688,6,muuvinki
9993027,6,yermakirumy.
9997398,6,adampsyreal
9990816,6,sersimovi
9992170,6,notger
9977368,6,rcoop
9988561,6,criticodubioso
9978644,6,nobilis1984
9992586,6,eddyward
9994075,6,arkane7
9990814,6,razorsamurai
9982568,6,strav
9989012,6,imperialyama
9989593,6,misterdiony
9999343,6,faunymaroo
9998090,6,simons.
9993569,6,expospeed
9988840,6,vankip
9973618,6,mtroni
9982550,6,skitte
9984829,6,fakelies
9999619,6,randyr
9993278,6,mattheww.
9999521,6,kevin
9987880,6,nyeven
9999927,6,darkosdaking
9985112,5,empyrea
9986300,5,paketep
9974712,5,wolfaust
9985228,5,bladeling
9998866,5,njkk
9985963,5,joelb.
9993399,5,robs.
9998678,5,youlouz
9985214,5,gentlebenno
9982751,5,vangomaextreme
9980909,5,letmeinplease
9985564,5,peregrineomega
9974623,5,meritcoba
9992985,5,anarki2k3
9996728,5,dryerlaw
9999952,5,jimerustler
9998381,5,deuteros
9987172,5,sunfire
9995940,5,barnes1987
9989969,5,praxis
9969664,5,romangor
9983289,5,erice.
9985984,5,igor-qwe
9989579,5,christophers.
9993041,5,miken.
9995565,5,jonash.
9995591,5,juanjorgeperez
9985400,5,jattaman
9996535,5,inuyasha1
9998704,5,presidenttrump
9997621,5,notyourbuddy
9997206,5,ig44
9987841,5,dragonheart000
9998539,5,jasonc.
9989537,5,matthewb.
9999373,5,omnipotentgamer
9993252,5,bsim500
9997561,5,endercrypt
9988652,5,helmore
9999390,5,njja02
9996198,5,davec.
9998687,5,aryandrn
9999372,5,porcupinebutt7
9968301,5,fresh3gg
9965589,5,rogyapa
9985856,5,deathweeper
9992870,5,vixremento
9994636,5,arkveveen
9991922,5,jok`rdemo
9982309,5,tomwelcome
9994302,5,zampaconi
9987357,5,robe.
9996622,5,lessacebola
9979185,5,alexmakestoast
9970602,5,welkinz
9994455,5,danielbourdon
9997586,5,dagleese
9990264,5,totalnyan
9998493,5,seyeergame
9986751,5,ggdograa
9997082,5,allions
9998788,5,chrisw
9992758,5,grrrr
9985569,5,arruu
9983125,5,gameboyadv4002
9991200,5,lambo442
9988542,5,captainkane
9998179,5,boomerzoomer
9970949,5,caerleon
9992286,5,violentine
9976264,5,ayreos
9997043,5,nevermind13jet
9985026,5,leondaniel21
9995251,5,hwodragon
9999411,5,bdurmaz
9991554,5,176-761
9995550,5,toms.
9997315,5,lordtiger
9973588,5,mpbpl
9995733,5,funksatron
9997167,5,chrise.
9990100,5,shinigurai
9998305,5,michaelc.
9999965,5,hamik17594
9986102,5,timmytime
9996297,5,deicide
9995072,5,keleneki
9986969,5,mennybolt
9980655,5,agentlvi
9989584,5,klaaz
9978642,5,frast2013x
9983162,5,miotke
9985143,5,codahensley
9978475,5,that_normie7
9998508,5,stevenh
9988157,5,todayshero
9999899,5,pcgamereviewer
9991260,5,mrfettuccini
9999399,5,chinesephoneme
9975086,5,blade01
9997898,5,bfg-1337
9999811,5,aaron
9982757,5,dragon_fly
9986984,5,royalguy07
9999762,5,trilobiteg
9966227,5,phuchaitt3
9999873,5,overfiend87
9999857,5,zimmer600
9989589,5,ronadi7368
9991945,5,jinxterl.
9985397,5,giero
9985230,5,chosenone
9981710,5,smahlt
9993699,5,justinscustoms
9995421,5,smashlampjaw
9977709,5,pvtjackson
9998683,5,boltzmannbaby
9994050,5,marobaro
9981513,5,jamesm.
9990783,5,mitya64
9997626,5,joem.
9995294,5,beepboopman
9984406,5,wiski
9998842,5,andrewc.
9983219,5,omerulas25
9999324,5,erty-8
9994749,5,jeffa.
9995655,5,higher_standard
9992939,5,cougargames
9998682,5,lynxx
9974137,5,yamatohayabusa2
9977836,5,datamari
9981899,5,timw001
9998043,5,cooldadtx
9992929,5,tromble
9999971,5,gohemis
9977746,5,danielc.
9999856,5,artimis
9993374,5,ankittoms
9978385,5,sanctumrevel
9991673,5,kloborgg
9993950,5,mevsthevoices
9981297,5,nomemory
9998676,5,rainbowdashie13
9991500,5,bfm
9985190,5,haeder
9993368,5,treeroy
9994864,5,sgy0003
9997246,5,danielr.
9992529,5,andrewm.
9987281,5,gvazdas
9978921,5,widhie75
9985325,5,tunahan43
9999709,5,jdankens
9998823,5,tenionfcsm
9993787,5,gwimpon
9998477,5,tgc
9998935,5,moses89
9982972,5,petyabiszeps
9990422,5,peters.
9995553,5,jamesp.
9978842,5,martinl.
9986985,5,mister04
9987640,5,vitamink
9977983,5,wanderinmelmoth
9994178,5,clarion
9999969,5,billy12353
9999807,5,nathans.
9995713,5,tib3rian
9981114,5,isten
9997351,5,ireviewbadgames
9986106,5,dickpain
9994133,5,augh18
9990918,5,chrisr.
9995313,5,jsizzle
9984764,5,shoegays
9993170,5,thilus
9994682,5,gun661
9999334,5,peakzach
9998872,5,nickkix37
9993482,5,thenile
9999092,5,nickon
9999535,5,tommyn.
9990487,5,goldenelk
9996474,5,metaphysical
9999983,5,b-bog
9990474,5,hurrikhan
9994413,5,ramza
9984752,5,cbz
9997881,5,chaosmaker
9974265,5,baronz
9995624,5,wowtgp
9988495,5,supernaiv
9995086,5,mattt.
9998758,5,ghost67
9999887,5,epicninjapete
9994112,5,jjthis
9989060,5,sahilkchandio
9999922,5,rdonoso
9992504,5,roachtbp
9984143,5,bestnoob
9992302,5,r0x-
9978494,5,adhamhany
9983901,5,jaunty
9990790,5,detraxxx
9985985,5,dendari
9977115,5,kuzya_zeleniy
9994799,5,freeman
9996415,5,gerszom
9978643,5,hellruler
9987552,5,fabiofisher
9998938,5,pinocchio
9975935,5,nw2010
9986769,5,primalhunter70
9999283,5,google_calasade
9996049,5,al89ex
9996425,5,enerla
9959506,5,oz4n
9989567,5,atomlord
9973064,5,watchm824
9986219,5,kelr.
9998627,5,timh.
9999956,5,grantelvalca
9996263,5,huntibor
9990053,5,eddyhan
9995678,5,jamesc.
9997879,5,alexw.
9979136,5,richardl.
9998303,5,jeffb.
9986650,5,potatoes351
9999054,5,crackuh
9987884,5,biotofu
9995489,5,lordofliberty
9982943,5,ld9000
9978084,5,jack91
9988329,5,hfffoman
9997281,5,jackg.
9975445,5,anonj
9998726,5,jarvitom
9984987,5,tims.
9976293,5,alex_dragon
9987244,5,escherichia
9995536,5,schlafanzug
9999280,5,verglia
9984302,5,benhazelden
9988442,5,esett
9977936,5,winzentween
9985490,5,yosa1
9989899,5,sivez
9999590,5,robinjam
9990509,5,mattr.
9985158,5,ehtaco
9999421,5,mulv81
9984401,5,eri41205
9998907,5,wolfman121
9984348,5,ujuidarehcram
9983982,5,joek.
9966460,5,12spageipriya
9992300,5,buba28
9999114,5,lightprotector
9979877,5,lilkillpappy
9978818,5,hertzian68
9969709,5,anotherplayer
9964380,5,alanwaketan
9995332,5,analogueb.
9998957,5,xarxan
9998034,5,akk3d1s
9993647,5,masterr
9995740,5,soul_it
9991116,5,not_batman27
9985578,5,wondux
9997940,5,strangermoon
9981230,5,acerolaorion
9995955,5,wesker2012
9996844,5,mobile
9998930,5,bloodrizer
9995319,5,nerung
9998083,5,andyg33
9989951,5,kydos
9985848,5,oneex
9978645,5,crescendo
9995281,5,schroederrock
9992526,5,brianj.
9999381,5,danielf.
9997697,5,op8
9997819,5,warmonger
9993302,5,sorry15
9999503,5,jonm.
9992055,5,kingzardoz
9999108,5,ricardodavid
9998888,5,theangryone
9994810,5,azeriel
9993670,5,theadam
9999929,5,stefanobed
9988708,5,shtiggy
9987213,5,cytokinesis
9990606,5,doniell
9994646,5,frhanhanif
9992738,5,killedshinigami
9993425,5,andreakossa
9983200,5,alexfsmw
9995061,5,xcale
9985167,5,ivan9173
9997714,5,evilterrorizer
9999564,5,peterh.
9975431,5,mikeg.
9999840,5,npc_barney
9999726,5,dollythedolyak
9987185,5,nyakuya
9984991,5,impure
9997751,5,robomartion
9983736,5,trypsinogen
9988876,5,traxillion
9998544,5,peterb.
9996955,5,danbut110
9988573,5,exfan
9994635,5,chrisozzie
9973324,5,andromeda707
9999846,5,seafox89
9990734,5,killer1237
9991899,5,johnm.
9988743,5,yelov
9999174,5,wagllgaw
9987979,5,enzoiscool
9983152,5,lazyyybone
9988764,5,magnethead
9986955,5,markb.
9979949,5,bladexx
9985376,5,voodoo123
9999833,5,greenskullrider
9999281,5,parvarteshwar
9985424,5,gelaos
9997863,5,defianc4
9973348,5,spageopriya12
9981643,5,joshbreviews
9997296,5,mattn.
9984658,5,wololooo
9985202,5,zski
9983617,5,whitetalpa
9969966,5,allthat
9992927,5,alext.
9977774,5,expertpl
9987850,5,shadran
9995729,5,montyforester
9999854,5,imnotyourguy
9997633,5,novi4eknone
9999260,5,arrowtothehead
9985792,5,bugmenot21
9999737,5,kyleman736
9986025,5,basstaverns
9998731,5,trenos
9986065,5,maddad
9966425,5,pardoow
9989674,5,rxgamer
9988892,5,showt
9982222,5,simon8000
9996860,5,thebrock
9999363,5,holyshiits
9999671,5,danderoom.
9997181,5,thomasm
9993690,5,swooptrust
9998843,5,johnr.